1872.1621704101562,399.52581566442876,2.7082750949955843
1872.1830444335938,400.1180101543274,2.705184416627877
1872.203857421875,402.97410864777754,2.7216568238578143
1872.2246704101562,400.207696152975,2.7020373499086783
1872.2455444335938,400.72949847474894,2.7112095061497135
1872.266357421875,397.89244343569214,2.7022576677077903
1872.2871704101562,399.59471549682,2.7012095638357216
1872.3080444335938,399.8952498779667,2.7013718757867275
1872.328857421875,399.78157181777703,2.703063699545397
1872.3496704101562,398.59773363417406,2.715317499553702
1872.3705444335938,400.1995708240893,2.7191708118509617
1872.391357421875,398.17893922023416,2.710649986301456
1872.4121704101562,400.0654295714336,2.710657374615496
1872.4330444335938,398.6591581713472,2.7227597538499535
1872.453857421875,400.0678400288143,2.7016184583155933
1872.4746704101562,398.12192909135723,2.701757448927585
1872.4955444335938,400.8273332699112,2.705632188152547
1872.516357421875,397.7185583577344,2.704534967750402
1872.5371704101562,397.7684966969604,2.7056327168686605
1872.5580444335938,400.4229638833766,2.704920266293107
1872.578857421875,398.9620099308088,2.7023243683127953
1872.5996704101562,399.0218776400869,2.7035391606041
1872.6205444335938,398.99585784330316,2.7316179599419
1872.641357421875,399.03715803956317,2.705946932202522
1872.6621704101562,398.6988500125385,2.7044253005693952
1872.6830444335938,397.3822392343289,2.708772437861325
1872.703857421875,399.20783784500736,2.7159404926944144
1872.7246704101562,399.24233795578255,2.706035832835343
1872.7455444335938,397.8756920324245,2.7095544458646668
1872.766357421875,401.24828798786257,2.705446514288317
1872.7871704101562,400.69989537974186,2.7070295765969306
1872.8080444335938,397.1583419496146,2.702706365196221
1872.828857421875,397.7967074691809,2.70039582706559
1872.8496704101562,398.45710116772335,2.719174406753951
1872.8705444335938,396.67024357810976,2.7000315169861455
1872.891357421875,397.4970639483871,2.710746736438155
1872.9121704101562,397.36008234860253,2.7032341907476045
1872.9330444335938,398.9120518566404,2.702976024248975
1872.953857421875,400.007993730386,2.702563541734595
1872.9746704101562,399.4772914254447,2.7044279453286624
1872.9955444335938,398.29128679198516,2.703915078127518
1873.016357421875,400.52508896641274,2.702286518568355
1873.0371704101562,400.44546328618515,2.7076385389337942
1873.0580444335938,396.4204947483476,2.7030942176433266
1873.078857421875,400.70629368143796,2.7044868346317177
1873.0996704101562,400.2889526878653,2.7042891801335887
1873.1205444335938,399.55917404312936,2.719871026796084
1873.141357421875,396.94314413838134,2.70140029482053
1873.1621704101562,398.69504290214206,2.7013285405975385
1873.1830444335938,402.6030977669933,2.7045464278904947
1873.203857421875,397.9014880504773,2.701488286019981
1873.2246704101562,398.9297807470874,2.70826576344246
1873.2455444335938,401.0209829936347,2.7024702922024537
1873.266357421875,396.5620082209038,2.7021419964855924
1873.2871704101562,399.47095309675456,2.7032778481725046
1873.3080444335938,398.14537382222943,2.705694223471402
1873.328857421875,396.2033784870668,2.7070467509476828
1873.3496704101562,397.30531278155945,2.7151987845357985
1873.3705444335938,398.8326230447963,2.709430726566108
1873.391357421875,397.89041967347896,2.71031713945609
1873.4121704101562,400.5986261506435,2.706140500996357
1873.4330444335938,400.2566306460921,2.701351664552817
1873.453857421875,398.9701922031333,2.722365157165768
1873.4746704101562,400.89923619622016,2.70189475580635
1873.4955444335938,396.96595316039964,2.707249840392132
1873.516357421875,399.5336624793031,2.709767817583939
1873.5371704101562,398.66615972079614,2.714230079726053
1873.5580444335938,403.4100110385256,2.705873712540512
1873.578857421875,401.70641214482595,2.705852741923352
1873.5996704101562,399.3167221905907,2.704207628015323
1873.6205444335938,400.8303992459782,2.70846603264089
1873.641357421875,399.661313042593,2.7146165491991296
1873.6621704101562,399.2497414176137,2.7055940322002554
1873.6830444335938,396.4929734976499,2.702796254536471
1873.703857421875,398.50660477906484,2.7068640807307434
1873.7246704101562,399.8270193501033,2.7075187827574485
1873.7455444335938,398.82937211747657,2.715898970116773
1873.766357421875,399.2793159610895,2.710658078263402
1873.7871704101562,400.71285579237747,2.7154910845820015
1873.8080444335938,398.6358812825139,2.7024905832922346
1873.828857421875,402.50530264571427,2.705993629628512
1873.8496704101562,400.79130461346625,2.7013397495624125
1873.8705444335938,400.5489160788351,2.712125050871538
1873.891357421875,399.06107330055244,2.705028503183182
1873.9121704101562,400.69195726546354,2.701600808202404
1873.9330444335938,399.26787034003655,2.703104272663713
1873.953857421875,396.9283795735642,2.7050070853149357
1873.9746704101562,397.1106227484777,2.7147237847257975
1873.9955444335938,399.6830072037956,2.7066323342831513
1874.016357421875,399.7837220622519,2.700027984897967
1874.0371704101562,399.66292858720107,2.7140872477631333
1874.0580444335938,399.3260706571915,2.705356624878398
1874.078857421875,399.6887596275066,2.7004976237865237
1874.0996704101562,399.80398362477473,2.7043483369419614
1874.1205444335938,400.0240501121038,2.702759028891702
1874.141357421875,400.90997182289686,2.7111077598731725
1874.1621704101562,401.91052363097367,2.7105493624959314
1874.1830444335938,402.24836842352823,2.7067246476745392
1874.203857421875,398.7427582456896,2.709256929247039
1874.2246704101562,398.4861297777071,2.713364627698282
1874.2455444335938,398.67418081886,2.716672871198375
1874.266357421875,400.3716653564417,2.7059300152002943
1874.2872314453125,398.44088477917535,2.7101233411359567
1874.3080444335938,398.5936240105755,2.707289734316571
1874.3289184570312,399.98503425505163,2.7164275674584157
1874.3497314453125,399.1044154402872,2.704919561152588
1874.3705444335938,398.08176715898276,2.70445271778156
1874.3914184570312,398.5174030702556,2.717760541791405
1874.4122314453125,397.64712636703985,2.7053082419889947
1874.4330444335938,398.01704199834734,2.7155301550488695
1874.4539184570312,400.3304856219075,2.703307393706488
1874.4747314453125,398.5495541169361,2.702561865565159
1874.4955444335938,400.12004501483773,2.7186136321145367
1874.5164184570312,398.9026314843196,2.7080550026315624
1874.5372314453125,396.8663570785293,2.700847129029332
1874.5580444335938,398.90434306921213,2.7355451423435806
1874.5789184570312,398.5636582412452,2.7037777856676795
1874.5997314453125,399.576486003532,2.7035722307447694
1874.6205444335938,400.352624557219,2.704690204444913
1874.6414184570312,399.5639220863583,2.7061104577717936
1874.6622314453125,397.94463773663205,2.700585820965093
1874.6830444335938,401.7146745605652,2.7070936936171472
1874.7039184570312,396.4589291078999,2.7123376929598266
1874.7247314453125,398.0938104060145,2.7084555573883167
1874.7455444335938,396.7787132106589,2.7033700997250905
1874.7664184570312,397.72572791733836,2.7043263847154915
1874.7872314453125,397.11814812578064,2.7151386347830027
1874.8080444335938,400.45125900954696,2.7009749489010564
1874.8289184570312,398.6799251911353,2.6999177814257123
1874.8497314453125,396.28351522523116,2.7064199486773357
1874.8705444335938,402.3635866831206,2.7025971531233273
1874.8914184570312,398.3313200661654,2.7053516015585517
1874.9122314453125,401.0536304044197,2.7019310227179894
1874.9330444335938,400.0105102860098,2.7030107771714724
1874.9539184570312,397.88546411364155,2.714186422783459
1874.9747314453125,398.74202445194913,2.705682503839738
1874.9955444335938,400.6986003662278,2.7001969901384935
1875.0164184570312,399.74559311472797,2.7039556384708154
1875.0372314453125,397.2078596891695,2.7088763841860755
1875.0580444335938,396.8859043549681,2.7048206633738965
1875.0789184570312,397.0880665599355,2.7038288412887046
1875.0997314453125,399.08583444670796,2.7046797145685177
1875.1205444335938,395.0304888076413,2.70868776398665
1875.1414184570312,397.960327145718,2.7054753311434085
1875.1622314453125,397.7517176680667,2.7061395318652868
1875.1830444335938,396.05876404726706,2.70237324575322
1875.2039184570312,399.277091615447,2.7172968697102653
1875.2247314453125,398.0015924410711,2.7143196752761205
1875.2455444335938,397.96092783338594,2.703888184520967
1875.2664184570312,397.62467570073693,2.7072014913381253
1875.2872314453125,399.2007265417129,2.7029180723158914
1875.3080444335938,397.716757288562,2.7024698510901146
1875.3289184570312,394.93319924400674,2.7063906133123043
1875.3497314453125,395.9449023228507,2.704957991042908
1875.3705444335938,396.89715661190155,2.7148260980485035
1875.3914184570312,395.92853542902253,2.7022529033158618
1875.4122314453125,400.0877181059541,2.7034115501624982
1875.4330444335938,399.89016282123964,2.7074730802907845
1875.4539184570312,399.17824712599975,2.7064817016648264
1875.4747314453125,399.5391636355526,2.7029029887322635
1875.4955444335938,393.0289050270656,2.7047602828274884
1875.5164184570312,398.17703983527844,2.7079000468775423
1875.5372314453125,401.01711872718397,2.7317535913806346
1875.5580444335938,399.3579637995727,2.7069895026881015
1875.5789184570312,396.4270624469791,2.70459129827942
1875.5997314453125,397.40926166161256,2.714780782065401
1875.6205444335938,396.9897942995554,2.70513558998078
1875.6414184570312,396.89754299751337,2.709752068245784
1875.6622314453125,397.1073201881717,2.710126860066932
1875.6830444335938,395.1223477297742,2.7035369559136724
1875.7039184570312,397.02610142569193,2.7053556554665223
1875.7247314453125,395.7268115750601,2.712209441624451
1875.7455444335938,397.31152894432455,2.703155252805555
1875.7664184570312,400.82272543115533,2.7285222658965353
1875.7872314453125,400.10855864074205,2.7113414100724897
1875.8080444335938,396.9129414778654,2.7170632051509056
1875.8289184570312,397.55578510055227,2.702879878049033
1875.8497314453125,394.89238098473385,2.700794251498663
1875.8705444335938,400.2775854095221,2.7063596038119666
1875.8914184570312,395.09782761215473,2.7022866950252697
1875.9122314453125,397.1424177915717,2.703868432980542
1875.9330444335938,394.35923824207686,2.7154920503755995
1875.9539184570312,395.4774898233057,2.7298722168077534
1875.9747314453125,395.7099752755143,2.706141029613158
1875.9955444335938,397.90936313589583,2.7023632762387657
1876.0164184570312,396.6125905240531,2.7257489846206755
1876.0372314453125,395.96237619691806,2.702263314383643
1876.0580444335938,397.80549398266265,2.7187244808709403
1876.0789184570312,395.21416517084424,2.7016236650769585
1876.0997314453125,397.1654123812552,2.705533757036017
1876.1205444335938,398.2724303271123,2.7186248575107315
1876.1414184570312,398.27012856406964,2.710090614859044
1876.1622314453125,395.3424128929902,2.700302855848889
1876.1830444335938,396.6653411383632,2.701322803707758
1876.2039184570312,394.0120956785358,2.7038731945258077
1876.2247314453125,395.78833807414543,2.715599778105417
1876.2455444335938,395.7326631644836,2.7022393159297793
1876.2664184570312,394.4636579730677,2.7013592548155976
1876.2872314453125,393.8903234635018,2.700690965188932
1876.3080444335938,395.9220778237775,2.708698766458864
1876.3289184570312,396.8827788881981,2.702066379592952
1876.3497314453125,394.4477816260008,2.704673808485755
1876.3705444335938,395.10765112774016,2.7134589965488973
1876.3914184570312,394.22599373333077,2.6987139924100125
1876.4122314453125,397.89787399399245,2.705197812954601
1876.4330444335938,396.1833978353703,2.7008671674891565
1876.4539184570312,394.21491281976756,2.7196860620301337
1876.4747314453125,392.8509214226791,2.720495693955662
1876.4955444335938,394.8672962623041,2.7011487495055815
1876.5164184570312,396.5212003742735,2.7016799680589094
1876.5372314453125,395.3173220445411,2.7025866551229187
1876.5580444335938,397.49179898022334,2.70120356190177
1876.5789184570312,396.13979224265773,2.7016806740449653
1876.5997314453125,395.9847288573272,2.708860629665119
1876.6205444335938,395.80561708539943,2.7115039948116237
1876.6414184570312,393.83835700267923,2.720299202647129
1876.6622314453125,393.16112476481686,2.7004401483992697
1876.6830444335938,395.7080895530432,2.6995685091321624
1876.7039184570312,392.4056582447244,2.7012870581969755
1876.7455444335938,397.9851225376187,2.7066044987114517
1876.7664184570312,395.6285865752763,2.7016585236445683
1876.7872314453125,398.58635709384106,2.704878310112281
1876.8080444335938,395.1963156562246,2.7102170311145577
1876.8289184570312,396.76125969179157,2.7098076744385917
1876.8497314453125,399.1000632662083,2.702456970578057
1876.8705444335938,397.8989896322095,2.711071703664377
1876.8914184570312,395.4348376717262,2.7093713287363843
1876.9122314453125,395.0328165660079,2.7044146333474313
1876.9330444335938,392.64171306994353,2.7019705539795864
1876.9539184570312,395.4721594552146,2.71628546546362
1876.9747314453125,396.23072165653855,2.713055577491703
1876.9955444335938,394.52443692753616,2.702653435825105
1877.0164184570312,396.92171957827867,2.7107959017752594
1877.0372314453125,392.6325138977079,2.7099485324884998
1877.0580444335938,396.6756962081743,2.7518494195938294
1877.0789184570312,397.9649655518751,2.702844153130787
1877.0997314453125,396.5029393400658,2.7027440326340044
1877.1205444335938,397.84426087648103,2.7100656300160226
1877.1414184570312,398.8584471209434,2.7127490408349657
1877.1622314453125,390.80429527440685,2.7027199502343064
1877.1830444335938,393.89155341289285,2.7117302254994784
1877.2039184570312,396.6318393020845,2.7141101751713674
1877.2247314453125,395.0937347582749,2.702398566390087
1877.2455444335938,395.98238200764257,2.7132208714465946
1877.2664184570312,394.51181938842535,2.704564587705353
1877.2872314453125,393.53598107780533,2.7032530649531705
1877.3080444335938,394.48861182758753,2.7053730166993355
1877.3289184570312,395.2777918981919,2.707038648190648
1877.3497314453125,395.77208696394644,2.6990826319864256
1877.3705444335938,395.2061228079177,2.712012965342945
1877.3914184570312,393.18527019111883,2.697444702656416
1877.4122314453125,396.4223715584554,2.7154498185346716
1877.4330444335938,395.1796691716902,2.704534086199153
1877.4539184570312,394.5168580935383,2.706311943631531
1877.4747314453125,395.22775083830186,2.705012549972331
1877.4955444335938,396.39148623333153,2.7165472819613936
1877.5164184570312,394.229649399153,2.7142090858312455
1877.5372314453125,393.92258466665123,2.709414975268504
1877.5580444335938,396.6129747142012,2.702015378906849
1877.5789184570312,392.8334630268067,2.7046205650082014
1877.5997314453125,398.74333382829747,2.7169139406280074
1877.6205444335938,394.84121889348813,2.7005186359883377
1877.6414184570312,395.88417005487673,2.7023713930143782
1877.6622314453125,398.5716978993944,2.7073113983206305
1877.6830444335938,394.03083829302,2.7038634068958873
1877.7039184570312,398.7399736805457,2.71109984513671
1877.7247314453125,392.85598209655296,2.7378075553188426
1877.7455444335938,396.0167622609982,2.737289183698959
1877.7664184570312,393.4154187881642,2.7290945456102094
1877.7872314453125,395.8012929335089,2.704582923705378
1877.8080444335938,395.4261279215563,2.7037861627355166
1877.8289184570312,394.1208030388846,2.7001643201487653
1877.8497314453125,394.1422108055229,2.713881770887859
1877.8705444335938,395.3588930104571,2.7067472851152017
1877.8914184570312,391.52950737470144,2.698273378648211
1877.9122314453125,393.73802232645784,2.7058875460099245
1877.9330444335938,397.3162131440765,2.701472047137646
1877.9539184570312,394.2389531686206,2.709508425761256
1877.9747314453125,393.07642062509274,2.7013526354015713
1877.9955444335938,395.2560959710871,2.7023503952187284
1878.0164184570312,394.7157123972633,2.7009086563386875
1878.0372314453125,396.25635984816796,2.7141146552170228
1878.0580444335938,394.2569794639021,2.713458293627319
1878.0789184570312,395.85526076867245,2.710571528200458
1878.0997314453125,393.6211281300894,2.7038424206870824
1878.1205444335938,392.35167872586584,2.711962942933626
1878.1414184570312,397.5791523227886,2.7081603850873015
1878.1622314453125,393.820123253578,2.7008671674891565
1878.1830444335938,393.5018953614364,2.70019840288589
1878.2039184570312,393.5072804484146,2.712180344692707
1878.2247314453125,397.9397572244394,2.703996462723715
1878.2455444335938,394.57742369707745,2.7182226436897556
1878.2664184570312,395.42578317137423,2.705513929385844
1878.2872314453125,395.8883943089592,2.7118453998273386
1878.3080444335938,393.8483916411603,2.7047304887181576
1878.3289184570312,397.1782111807666,2.7021742014041004
1878.3497314453125,392.8915185447398,2.7005865272371796
1878.3705444335938,393.94212242301865,2.702103350076723
1878.3914184570312,395.37838972468586,2.7040016649060514
1878.4122314453125,394.3325029069862,2.709723472844764
1878.4330444335938,395.4517337409957,2.70073007320506
1878.4539184570312,395.30810681708186,2.7053048930502404
1878.4747314453125,395.4008807037701,2.713212523508505
1878.4955444335938,396.2401183085991,2.7195808631866663
1878.5164184570312,395.2177736039779,2.705864901376629
1878.5372314453125,394.4834324332,2.705442636767567
1878.5580444335938,395.70557646844463,2.700503803862852
1878.5789184570312,397.94518205520734,2.700578669949811
1878.5997314453125,393.94646210651223,2.7047236131078574
1878.6205444335938,395.4066802274554,2.7152781626079663
1878.6414184570312,396.48812328761204,2.700028867920445
1878.6622314453125,396.41008066238913,2.718742370594764
1878.6830444335938,395.8610416925565,2.706211334727576
1878.7039184570312,395.1983116141886,2.7061920406486974
1878.7247314453125,392.61453069696057,2.707498089057903
1878.7455444335938,393.96528676576924,2.7025480150726633
1878.7664184570312,393.0657080265082,2.7048546874383974
1878.7872314453125,395.8425662370796,2.706053982655087
1878.8080444335938,392.0073117042793,2.701215477492895
1878.8289184570312,396.2322416126982,2.706185344954469
1878.8497314453125,395.86368222354116,2.7006463831253864
1878.8705444335938,393.1240991563404,2.7147397686921577
1878.8914184570312,395.44965301288966,2.7019865251511503
1878.9122314453125,395.56702024329013,2.698604088673399
1878.9330444335938,396.2097392887249,2.722526996012814
1878.9539184570312,395.0922092515788,2.7002823717316975
1878.9747314453125,391.81305723747033,2.7119655803420444
1878.9955444335938,396.60234598451035,2.702665345023983
1879.0164184570312,393.99954338355656,2.699451662826683
1879.0372314453125,396.64794094663876,2.709183183015597
1879.0580444335938,393.71150994928286,2.70208667371588
1879.0789184570312,393.1583679080744,2.702937389764976
1879.0997314453125,395.4984900981856,2.7028048110695533
1879.1205444335938,395.17842375604175,2.7043459565886683
1879.1414184570312,395.7636064731058,2.7014828142335765
1879.1622314453125,393.88946590473074,2.705479120492956
1879.1830444335938,394.5945943026333,2.7026519361444894
1879.2039184570312,393.1578580657151,2.7016191643177225
1879.2247314453125,394.32144820792166,2.701782687090681
1879.2455444335938,392.76016553659184,2.7015435327908763
1879.2664184570312,393.4306615176252,2.7027401512361044
1879.2872314453125,394.2430797865019,2.7182927240378527
1879.3080444335938,393.42712467683157,2.7023954785202444
1879.3289184570312,394.2202096379538,2.701554564359007
1879.3497314453125,396.3589184719699,2.710068005345514
1879.3705444335938,391.3605863726056,2.700194606125586
1879.3914184570312,397.01147605623703,2.7026734608924103
1879.4122314453125,393.9214991599978,2.703085662026352
1879.4330444335938,397.0811774755476,2.7206406432108903
1879.4539184570312,395.1695589325899,2.7003960919362786
1879.4747314453125,392.64953497022356,2.7024512360837605
1879.4955444335938,392.92156807359527,2.7176618481178507
1879.5164184570312,396.77168759290305,2.714905223562105
1879.5372314453125,394.80274301574315,2.7017898349192064
1879.5580444335938,396.7430027250272,2.7108228148021687
1879.5789184570312,394.79049249293945,2.7296712472013644
1879.5997314453125,393.42214114651796,2.704886419340824
1879.6205444335938,393.65947252290977,2.701642727032949
1879.6414184570312,391.94660764228007,2.6978101574310838
1879.6622314453125,394.47205390609616,2.7049231749958067
1879.6830444335938,394.480867539536,2.705908516357355
1879.7039184570312,394.3673215778164,2.704309016763468
1879.7247314453125,394.60886623943355,2.70058326072723
1879.7455444335938,393.72960246656703,2.715982716905664
1879.7664184570312,394.7832447102316,2.728147466857617
1879.7872314453125,394.116693659301,2.702067173713671
1879.8080444335938,393.89357003722205,2.7024564412406313
1879.8289184570312,397.4553659090614,2.707247990990648
1879.8497314453125,390.9812542267503,2.7041608997473525
1879.8705444335938,392.769657036531,2.7035762873208378
1879.8914184570312,392.546411693689,2.7040777567004666
1879.9122314453125,393.2816699888437,2.700073989984645
1879.9330444335938,398.6095670658025,2.7023091049598267
1879.9539184570312,394.8216364228993,2.699046591804266
1879.9747314453125,398.4840686229108,2.7089030522445725
1879.9955444335938,393.51862160635176,2.700233191557322
1880.0164184570312,395.7372430878351,2.7011273008738637
1880.0372314453125,392.18929836813027,2.698410951166807
1880.0580444335938,393.76058702310564,2.7050366119614724
1880.0789184570312,394.5606554262237,2.702813367575547
1880.0997314453125,392.4066312691188,2.7015683316928456
1880.1205444335938,396.7377597485619,2.7015047013126963
1880.1414184570312,394.9788498115692,2.7065698800219247
1880.1622314453125,394.38625402475884,2.699135543048651
1880.1830444335938,397.46383391381244,2.7170865461867413
1880.2039184570312,393.7536749343615,2.7014190935823237
1880.2247314453125,393.208746517802,2.703128792644332
1880.2455444335938,391.7173528686839,2.699938268309008
1880.2664184570312,394.9732404215851,2.6977486478314137
1880.2872314453125,394.5999606059514,2.725425242570072
1880.3080444335938,394.2407415033052,2.7110149801213987
1880.3289184570312,392.8501148118626,2.704693554144771
1880.3497314453125,394.6092367739993,2.7066599933967947
1880.3705444335938,397.64873515779044,2.7007732414411563
1880.3914184570312,393.64751937166443,2.7030033679564363
1880.4122314453125,395.29667241540295,2.700353888878846
1880.4330444335938,391.4130687231391,2.7172717756437175
1880.4539184570312,392.6250314932053,2.7017836577845533
1880.4747314453125,393.6793914446956,2.7051441391144038
1880.4955444335938,397.7472537203945,2.7226066858495224
1880.5164184570312,396.47440387488007,2.7320161072352542
1880.5372314453125,394.1772792410825,2.702834802827304
1880.5580444335938,393.61975137779626,2.707337817603165
1880.5789184570312,396.48844414904397,2.70289778443534
1880.5997314453125,394.66625073075426,2.707344510447145
1880.6205444335938,394.84037532060705,2.7019545827136175
1880.6414184570312,394.72308872233003,2.701314683781397
1880.6622314453125,393.48626491575834,2.7001383604696874
1880.6830444335938,394.9521747172897,2.699537067993275
1880.7039184570312,397.0458506048469,2.698389304061442
1880.7247314453125,393.12923090531973,2.7026252946207285
1880.7455444335938,392.748346394492,2.7028496221612275
1880.7664184570312,394.20563723314046,2.6989927073009516
1880.7872314453125,397.05506079121193,2.699692945328034
1880.8080444335938,394.3346580028801,2.6982083451381573
1880.8289184570312,396.11836086890156,2.711446752729879
1880.8497314453125,392.3271979639054,2.713108567559587
1880.8705444335938,394.9167217086067,2.713264192439139
1880.8914184570312,395.60080707794964,2.708859925550312
1880.9122314453125,396.745738086798,2.7052450521036264
1880.9330444335938,394.83817730813826,2.7055511171259714
1880.9539184570312,394.03532613680784,2.709514409298832
1880.9747314453125,393.819565063097,2.7112436259130153
1880.9955444335938,395.0958759928266,2.7013006503728594
1881.0164184570312,393.0123070846486,2.699977917051078
1881.0372314453125,393.225107266192,2.705300310285227
1881.0580444335938,392.56330106985547,2.705730880036728
1881.0789184570312,397.057985566624,2.70568708595741
1881.0997314453125,392.34230902937816,2.7025201374330594
1881.1205444335938,394.15975120533176,2.7044766084375618
1881.1414184570312,395.56788830428064,2.7062189994604595
1881.1622314453125,395.5707740047829,2.705202307759888
1881.1830444335938,392.8005725435893,2.7026836939091687
1881.2039184570312,395.61043745115836,2.705924288066202
1881.2247314453125,395.5836858433506,2.7268805113445356
1881.2455444335938,397.09908765426763,2.7075783973396743
1881.2664184570312,392.5223482380087,2.7015287945455606
1881.2872314453125,393.50191043443925,2.70682285932424
1881.3080444335938,393.7645110658974,2.70562954457043
1881.3289184570312,395.5720143339017,2.702839830824707
1881.3497314453125,395.2672656615414,2.700093239481202
1881.3705444335938,394.13239707432297,2.745707282577278
1881.3914184570312,396.7763923105816,2.7049987120281545
1881.4122314453125,395.79094060515155,2.715820575866357
1881.4330444335938,396.1466314198101,2.7046201242465626
1881.4539184570312,397.14044628068945,2.7123415606235133
1881.4747314453125,393.8767154315162,2.7033779488992518
1881.4955444335938,395.8520107434887,2.7007031478822245
1881.5164184570312,394.4629593853494,2.7022064059387896
1881.5372314453125,395.2628428986476,2.7054469549153235
1881.5580444335938,392.86813738299935,2.702865588138397
1881.5789184570312,395.19349495389804,2.7032728209897994
1881.5997314453125,393.5126919761869,2.699190837975257
1881.6205444335938,394.92699122612555,2.708718570796229
1881.6414184570312,393.2533197877865,2.7035172018072178
1881.6622314453125,394.54581074192754,2.7027404158770474
1881.6830444335938,395.0820151159376,2.753336875980983
1881.703857421875,392.33927865959987,2.7017078543678226
1881.7246704101562,393.0029595067552,2.7127859536199073
1881.7455444335938,391.776227969178,2.7389726622973094
1881.766357421875,390.5558075934065,2.705274576152881
1881.7871704101562,390.15585134645085,2.7095205688090047
1881.8080444335938,394.2212858483841,2.702439590611742
1881.828857421875,393.70643623862725,2.7002882874194305
1881.8496704101562,392.4927143537925,2.704626823815721
1881.8705444335938,394.04493492130354,2.7046990194356346
1881.891357421875,392.8653329719063,2.7076501620453874
1881.9121704101562,393.23908398932764,2.7010800779774162
1881.9330444335938,394.0007355958174,2.7041831178169646
1881.953857421875,391.7101618974809,2.7122556796109825
1881.9746704101562,391.9779374799324,2.7065806268380763
1881.9955444335938,391.243556557779,2.699732332737176
1882.016357421875,392.70889812327476,2.7007735062748313
1882.0371704101562,393.19360459379584,2.7020730854939115
1882.0580444335938,395.5120837047785,2.6983278076636803
1882.078857421875,393.1524648694844,2.7079975996020904
1882.0996704101562,393.23632542499456,2.7171533215014545
1882.1205444335938,393.9681779962823,2.70099304445763
1882.141357421875,393.9468958602634,2.7062232282693097
1882.1621704101562,391.5993327271979,2.704815639058675
1882.1830444335938,392.0948349283882,2.7092022797860356
1882.203857421875,394.03453509985104,2.7002866098376583
1882.2246704101562,392.3664273899921,2.7037107681905965
1882.2455444335938,393.32504623059464,2.7021260262329565
1882.266357421875,394.5477404666328,2.7127933361166234
1882.2871704101562,389.614146261081,2.6988940340365364
1882.3080444335938,393.7749093987721,2.712229220327333
1882.328857421875,393.36254869203634,2.698888026953184
1882.3496704101562,394.13685208758994,2.701450601072805
1882.3705444335938,394.1066596432677,2.7039921422595907
1882.391357421875,394.1147664273907,2.7029690559696196
1882.4121704101562,393.1458442638107,2.6987977424133818
1882.4330444335938,391.53633225077726,2.705396194212129
1882.453857421875,390.6402750321129,2.706337932188873
1882.4746704101562,393.4302222164083,2.7019834368104205
1882.4955444335938,390.7266389021269,2.723798252359316
1882.516357421875,393.75915241810964,2.7204742225809713
1882.5371704101562,393.41393602887274,2.7038500039577986
1882.5580444335938,392.87715065445303,2.698045754504934
1882.578857421875,390.8745347943546,2.7066800769072814
1882.5996704101562,393.76574836954035,2.7132258801971196
1882.6205444335938,392.894149313282,2.7007882486417674
1882.641357421875,393.1605114877917,2.7027105995011307
1882.6621704101562,393.72719254424106,2.6996774904701617
1882.6830444335938,394.0711919577835,2.7076606404138315
1882.703857421875,392.0485310733003,2.708143746024812
1882.7246704101562,391.9922596595979,2.6998152563681215
1882.7455444335938,393.77140674005136,2.7135257732684948
1882.766357421875,391.36524202919486,2.701310182507355
1882.7871704101562,389.9322297078162,2.7140090647231925
1882.8080444335938,390.86961442289527,2.7054806186064297
1882.828857421875,393.32338566390655,2.6986456123153966
1882.8496704101562,390.52924152055823,2.6988401464872838
1882.8705444335938,390.55107062976896,2.699839099752202
1882.891357421875,391.0368423241031,2.705898295536052
1882.9121704101562,392.2848913972109,2.704139034167285
1882.9330444335938,391.8384822735572,2.7050957524245156
1882.953857421875,391.3007673501914,2.70639422519123
1882.9955444335938,391.6061758514274,2.698556644921657
1883.016357421875,391.66726010948236,2.7156860801227936
1883.0371704101562,393.4401121978215,2.7039210740426762
1883.0580444335938,392.8263877324475,2.7039465565337677
1883.078857421875,392.0052815016415,2.699324830726855
1883.0996704101562,391.828146195506,2.7003965333873685
1883.1205444335938,393.63682598829416,2.700226745974362
1883.141357421875,394.8227169267225,2.698479867325371
1883.1621704101562,392.3963936591238,2.704774121991497
1883.1830444335938,392.2552810728053,2.7014992295595404
1883.203857421875,392.52643021416577,2.6990210630507323
1883.2246704101562,392.0320193849022,2.711582425932229
1883.2455444335938,390.1224694299994,2.7083482497366926
1883.266357421875,395.2220852274361,2.703954227686479
1883.2871704101562,392.5539135940392,2.7175385856521075
1883.3080444335938,392.57771515407165,2.6993725259482053
1883.328857421875,393.13143896696283,2.7046582939382553
1883.3496704101562,391.1354393773587,2.7038993828748845
1883.3705444335938,390.9275400340794,2.6995937677593815
1883.391357421875,393.9243301132771,2.7050764503886966
1883.4121704101562,389.04376977838825,2.702360364780703
1883.4330444335938,391.02675002317363,2.713550814114685
1883.453857421875,392.65664686788773,2.7002844907855095
1883.4746704101562,393.1618421671282,2.699295771558485
1883.4955444335938,392.2416565053825,2.703666941389445
1883.516357421875,392.61430188710995,2.697879530799609
1883.5371704101562,391.3484189999514,2.7081980647027852
1883.5580444335938,393.96699875301664,2.708068384758014
1883.578857421875,392.1443861527604,2.7111115413502143
1883.5996704101562,389.5029521361055,2.7003676623341097
1883.6205444335938,390.8530105117937,2.718722113104554
1883.641357421875,391.35030509459756,2.7116241025329266
1883.6621704101562,392.53312376780224,2.7021982886675944
1883.6830444335938,391.2829624140144,2.7202441615022823
1883.703857421875,394.05219050790106,2.6980254299868474
1883.7246704101562,391.45361194944513,2.701123681952131
1883.7455444335938,392.2431387571312,2.7022798131970447
1883.766357421875,390.4174153568452,2.717872127121426
1883.7871704101562,391.7949535397239,2.702262873237517
1888.0579833984375,393.77693578298374,2.7104439849610564
1888.0787963867188,392.2271411515501,2.720549327832914
1888.0996704101562,390.37830662209984,2.7067878030187904
1888.1204833984375,391.2862490077134,2.7119807893472125
1888.1412963867188,389.03550862976635,2.7130952102934365
1888.1621704101562,391.7899800590664,2.7077079246477442
1888.1829833984375,391.67293192554735,2.7086257972284806
1888.2037963867188,396.2184608549092,2.7166733977657627
1888.2246704101562,393.7023977392451,2.71369859433257
1888.2454833984375,390.7284680254916,2.7092018397697983
1888.2662963867188,392.9126991271804,2.708867054704283
1888.2871704101562,392.9307147899209,2.7085385660514123
1888.3079833984375,390.5775727552082,2.7047815263559016
1888.3287963867188,390.0767929272092,2.705860583895852
1888.349609375,390.55805623336704,2.7238614494837816
1888.3704223632812,390.1396953492712,2.7129698069629216
1888.3912963867188,392.3941508007769,2.7058029580846674
1888.412109375,391.30082515073025,2.71143743209218
1888.4329223632812,391.21720767585026,2.7031443159703197
1888.4537963867188,394.1952825599332,2.707559553285693
1888.474609375,386.59859884872037,2.701978230742342
1888.4954223632812,390.7811386228205,2.723813307763011
1888.5162963867188,389.58935899733694,2.7178866890199465
1888.537109375,391.86164635448614,2.7084272123841013
1888.5579223632812,392.5408660649353,2.70567563064868
1888.5787963867188,392.4985804357017,2.705338470380157
1888.599609375,388.8396007058478,2.7126782020360456
1888.6204223632812,391.3833352059128,2.719822376145542
1888.6412963867188,391.67892349596957,2.7026057102867704
1888.662109375,389.801481399687,2.701449630259258
1888.6829223632812,392.09341776899356,2.7163100420042654
1888.7037963867188,393.18535948118387,2.700984746997958
1888.724609375,391.1878241156436,2.7087095048286502
1888.7454223632812,390.0910365466586,2.7024149761534817
1888.7662963867188,391.25014792092696,2.700242285983822
1888.787109375,390.6611885305094,2.7028863173050586
1888.8079223632812,390.4296101856297,2.704165484443332
1888.8287963867188,390.38752702792857,2.722608787527932
1888.849609375,391.66718179642726,2.7019355229577458
1888.8704223632812,388.1154007676055,2.705945258128892
1888.8912963867188,388.8148806038377,2.702434738316924
1888.912109375,391.5367581214925,2.708452476423967
1888.9329223632812,389.2974387178588,2.707105847496466
1888.9537963867188,389.0557813469016,2.7022969295066277
1888.974609375,391.5950510938179,2.718445771833272
1888.9954223632812,391.31286050893544,2.6988551644370244
1889.0162963867188,392.4633458306453,2.7031693647856354
1889.037109375,389.00034522032877,2.7111952601420914
1889.0579223632812,391.2708261200671,2.700702176799992
1889.0787963867188,388.8516575294543,2.7012736424757904
1889.099609375,390.1998227359851,2.7109477897690617
1889.1204223632812,389.8148785104975,2.7030928064094017
1889.1412963867188,390.16845083141254,2.7145371517801657
1889.162109375,388.9038565815633,2.703478839625661
1889.1829223632812,388.1117708919036,2.709465308702756
1889.2037963867188,389.16204910184655,2.7030670512608563
1889.224609375,390.78704710603836,2.7067014815373067
1889.2454223632812,389.57346694000097,2.6983787896904627
1889.2662963867188,388.8141892260966,2.7026481428309816
1889.287109375,387.3635002089488,2.7163404990514555
1889.3079223632812,388.02636574151336,2.707397436170089
1889.3287963867188,389.64670972896715,2.700234692581282
1889.349609375,390.7368712733159,2.7136294496557674
1889.3704223632812,389.2642069328991,2.7126872547399947
1889.3912963867188,392.6810590976131,2.7055030020854187
1889.412109375,389.6333851324332,2.7021124382088813
1889.4329223632812,388.829767810765,2.7210762332217735
1889.4537963867188,387.84485966783984,2.704036228304035
1889.474609375,389.27425494840134,2.6969354580747296
1889.4954223632812,390.04860260907253,2.7038224042773353
1889.5162963867188,390.72365636132093,2.7034676395297614
1889.537109375,389.24550044448256,2.7060573306667894
1889.5579223632812,389.1753675934621,2.699503153545292
1889.5787963867188,388.84681837511954,2.711832563846743
1889.599609375,386.6428697222574,2.7079892355621826
1889.6204223632812,388.90450551556563,2.697726288390873
1889.6412963867188,388.6844679074505,2.7039051142979234
1889.662109375,388.14095703314143,2.7082206898274688
1889.6829223632812,388.2125559092376,2.70586393214685
1889.7037963867188,387.55279734939774,2.702421945861549
1889.724609375,389.25327021922243,2.6991672538559612
1889.7454223632812,388.25835088665485,2.7043301756749605
1889.7662963867188,388.09437012899684,2.704350452809796
1889.787109375,387.6427870094353,2.7026176196959524
1889.8079223632812,389.6642497661639,2.709146749172334
1889.8287963867188,389.2699913723993,2.7007365175867784
1889.849609375,387.8164421891413,2.700777037388013
1889.8704223632812,388.22408250225,2.7081725341794662
1889.8912963867188,390.70938734197796,2.703240893751587
1889.912109375,389.6694178326273,2.7032277523202346
1889.9329223632812,386.7028338299788,2.7024335914096027
1889.9537963867188,390.7932975636756,2.6997790493451874
1889.974609375,387.46737955179486,2.717901689448288
1889.9954223632812,390.69397663571084,2.702176318974334
1890.0162963867188,390.99019833665125,2.697472544363333
1890.037109375,388.4475330535944,2.7042357527533962
1890.0579223632812,390.4526791896377,2.698605767301106
1890.0787963867188,388.99034638480464,2.700603919129041
1890.099609375,387.1172213703605,2.7047629272592046
1890.1204223632812,384.0331319610737,2.7011745229447435
1890.1412963867188,387.3684830753378,2.700082555144555
1890.162109375,390.9430467381848,2.6993317200886784
1890.1829223632812,389.69448042986386,2.7025089333639785
1890.2037963867188,388.8157322669782,2.73904108016261
1890.224609375,387.3262361814656,2.6999707644257303
1890.2454223632812,387.9024592351299,2.700586085817147
1890.2662963867188,385.77052538717703,2.716275459236946
1890.287109375,388.1830710766958,2.698986788773543
1890.3079223632812,387.94463165780746,2.700065159894439
1890.3287963867188,384.1826171860706,2.7072611129071893
1890.349609375,382.2426217577319,2.701092700253012
1890.3704223632812,387.0305437979842,2.7019491118715226
1890.3912963867188,388.887006737266,2.706513854945006
1890.412109375,388.07680462573245,2.699958843341377
1890.4329223632812,387.67557557233624,2.6984443492172954
1890.4537963867188,386.29264940837254,2.706956386219048
1890.474609375,388.75650233036555,2.70041419137179
1890.4954223632812,387.2457847097264,2.7001497509718493
1890.5162963867188,386.49757089303876,2.7017524189158553
1890.537109375,388.0367470677877,2.7059354779938256
1890.5579223632812,389.68700775983336,2.696855805329831
1890.5787963867188,385.97091559809803,2.7006771933825124
1890.599609375,387.1211012618537,2.702792373213565
1890.6204223632812,388.25217290023085,2.6999991099038247
1890.6412353515625,386.67076390547254,2.7088558768866173
1890.6620483398438,383.97518464572016,2.707571000623841
1890.6829223632812,385.9082639524752,2.7050037360033334
1890.7037353515625,387.52761972770185,2.7009654155834686
1890.7245483398438,388.72893940682286,2.7557303806019395
1890.7454223632812,386.804255238887,2.7032871087477512
1890.7662353515625,387.8074203261059,2.7076447027113075
1890.7870483398438,386.83879336421955,2.696884890789049
1890.8079223632812,387.9041822937447,2.7104394108851326
1890.8287353515625,385.8628961463011,2.7050697519331153
1890.8495483398438,385.5311024021051,2.7069959321683736
1890.8704223632812,387.2298696742556,2.699366784901361
1890.8912353515625,386.28536514470403,2.697518151109947
1890.9120483398438,384.7873240453245,2.705403773127604
1890.9329223632812,386.0811473219151,2.697869102814822
1890.9537353515625,387.0673382601525,2.7379169303380335
1890.9745483398438,387.6585300069351,2.698333727636499
1890.9954223632812,388.5792160075771,2.7013769065070354
1891.0162353515625,390.262040277242,2.7019970254832284
1891.0370483398438,388.82449109195375,2.699318206323904
1891.0579223632812,387.038549507501,2.700617779592102
1891.0787353515625,390.0502388321302,2.703634225145196
1891.0995483398438,387.55225825044823,2.7056271653443162
1891.1204223632812,386.34848194889776,2.7088246315610767
1891.1412353515625,385.1543433233579,2.704724053852632
1891.1620483398438,386.81945079017305,2.7023186335371085
1891.1829223632812,384.98145670020125,2.701179730561833
1891.2037353515625,387.45817032892563,2.708315149881993
1891.2245483398438,383.4966384426425,2.713026050238678
1891.2454223632812,384.28542096234895,2.7126006815283334
1891.2662353515625,385.4954181068074,2.7057389867100783
1891.2870483398438,386.7302166017164,2.7001421573090805
1891.3079223632812,383.7615050551312,2.697701189035262
1891.3287353515625,385.8378239923838,2.6975552723112224
1891.3495483398438,385.40385521293706,2.698743587908564
1891.3704223632812,384.1810093845495,2.698474389438696
1891.3912353515625,386.6634605253849,2.740496165467245
1891.4120483398438,387.06823962866093,2.727932473781646
1891.4329223632812,387.3510601898828,2.6964247025937538
1891.4537353515625,386.0718769619338,2.701812072487023
1891.4954223632812,384.81377125946136,2.6965446862200326
1891.5162353515625,385.37778742093417,2.701990584107884
1891.5370483398438,383.5044407726938,2.7021114676331184
1891.5579223632812,388.2173596437353,2.700377462634501
1891.5787353515625,384.76720906758226,2.6990416450750376
1891.5995483398438,385.5541308477501,2.697191197323511
1891.6204223632812,384.03321241149007,2.70156524287405
1891.6412353515625,383.347530992435,2.702477438212321
1891.6620483398438,386.43450557829595,2.7078158740128826
1891.6829223632812,385.6214944555491,2.714571229717901
1891.7037353515625,385.5153493567297,2.697767295286345
1891.7245483398438,383.8517539542024,2.704681124974434
1891.7454223632812,383.81517199313225,2.7041058827892988
1891.7662353515625,382.33912009580087,2.697415092906756
1891.7870483398438,385.76535073752103,2.703419487407798
1891.8079223632812,384.7101286516932,2.696675804446487
1891.8287353515625,384.7277239957169,2.7052302458919413
1891.8495483398438,384.4832890730082,2.711454666453718
1891.8704223632812,383.63354187899205,2.7075655411301462
1891.8912353515625,383.4735088879933,2.70082664904012
1891.9120483398438,380.4437958834845,2.7403631417981416
1891.9329223632812,385.84255235447205,2.7008173800284374
1891.9537353515625,383.7902142781812,2.699045885129217
1891.9745483398438,387.40988399988606,2.745191097451968
1891.9954223632812,382.7745206572778,2.70267557807147
1892.0162353515625,384.91024233775505,2.7409150303972254
1892.0370483398438,384.2854751813763,2.6963219562915666
1892.0579223632812,384.0556998779734,2.7082033468499747
1892.0787353515625,383.4219814796592,2.6976759126876266
1892.0995483398438,383.78054113118577,2.6960904532859806
1892.1204223632812,383.8151439631076,2.6977365401731777
1892.1412353515625,383.8076257498194,2.7203461795586614
1892.1620483398438,384.7002502494257,2.6978359627650685
1892.1829223632812,386.00520712272436,2.699903210918428
1892.2037353515625,381.6540196394108,2.708490151975973
1892.2245483398438,384.8926245008009,2.706270713814979
1892.2454223632812,385.30190935246446,2.6945526378796987
1892.2662353515625,383.95571058572773,2.697882447093227
1892.2870483398438,386.73360086929523,2.6997144053553885
1892.3079223632812,384.162989345797,2.699404940552835
1892.3287353515625,383.30218834410647,2.6957735855894804
1892.3495483398438,383.0433576630898,2.700576551126832
1892.3704223632812,383.993170493636,2.6987831658590995
1892.3912353515625,386.973812619022,2.7021736720112823
1892.4120483398438,382.7503203002899,2.712066854885073
1892.432861328125,382.4994807683176,2.700100215182316
1892.4536743164062,381.41166292740127,2.697185274842986
1892.4745483398438,386.1459312808264,2.6995346833975766
1892.495361328125,384.0045301837062,2.708858517320148
1892.5370483398438,382.58443887941445,2.7023369847764678
1892.557861328125,381.464247727905,2.6947602964113053
1892.5786743164062,384.2589591673652,2.7039332421825675
1892.5995483398438,381.934596084472,2.696876050257119
1892.620361328125,381.6584915627393,2.708366648151219
1892.6411743164062,384.50463828487995,2.71986795876275
1892.6620483398438,383.51176968073935,2.6991801500665766
1892.682861328125,380.8741244515953,2.6968815313903294
1892.7036743164062,384.61562531073554,2.69872044160601
1892.7245483398438,380.92604136352145,2.6989195639916224
1892.745361328125,382.7518230114181,2.707441114523239
1892.7661743164062,384.9122640144955,2.7001728850221403
1892.7870483398438,382.49304451969823,2.702563982831642
1892.807861328125,381.6734384323847,2.7008276200775985
1892.8286743164062,382.31561271716424,2.7059195301301995
1892.8495483398438,383.7238297685438,2.6952297916714505
1892.870361328125,383.307305945065,2.7041421200461553
1892.8911743164062,383.9384790238125,2.6993994645434096
1892.9120483398438,381.25796332790543,2.6951821115993364
1892.932861328125,387.79502257001394,2.700688846454054
1892.9536743164062,380.51573732311294,2.6989848453736527
1892.9745483398438,381.8419988727641,2.713889150403662
1892.995361328125,383.24441400524734,2.698532613503828
1893.0161743164062,381.6308244385378,2.6973149476731333
1893.0370483398438,382.1080450680343,2.713779421962683
1893.057861328125,383.6908373653782,2.6986449055353456
1893.0786743164062,385.29879898735516,2.730355234474243
1893.0995483398438,381.29775447118254,2.693483832501102
1893.120361328125,383.15494994074515,2.697780109813352
1893.1411743164062,384.2228632876131,2.7024807906548833
1893.1620483398438,381.88059620568583,2.6974735166082233
1893.182861328125,386.14761200212183,2.7035367795383607
1893.2036743164062,381.77719377936,2.701674496660725
1893.2245483398438,380.52371060502037,2.7004043912046947
1893.245361328125,384.1765222799793,2.6954483661408264
1893.2661743164062,383.4132068820755,2.724942663446974
1893.2870483398438,379.61156662236937,2.6958365552864296
1893.307861328125,382.19475625058266,2.697743433591098
1893.3286743164062,382.11429474847097,2.694538126842984
1893.3495483398438,383.42936346590153,2.6968572198275056
1893.370361328125,384.9570011012995,2.7024956119300585
1893.3911743164062,379.4472755774824,2.6972262899636803
1893.4120483398438,382.74567106512177,2.6953580548403444
1893.432861328125,380.50174702530484,2.7351648552287156
1893.4536743164062,380.22704514995246,2.702732829493072
1893.4745483398438,382.78511573321913,2.698576965438862
1893.495361328125,381.46006248188627,2.764685864668507
1893.5161743164062,382.3943621079909,2.6983999951025304
1893.5370483398438,382.62083903436763,2.7031993524986953
1893.557861328125,383.40376475147565,2.700683108205412
1893.5786743164062,381.85528035425295,2.702796960230946
1893.5995483398438,381.3942376738703,2.6972119701001644
1893.620361328125,382.42382270454385,2.7089395773772096
1893.6411743164062,378.5315562482793,2.7059945988118357
1893.6620483398438,376.24854462608965,2.7002074974295596
1893.682861328125,380.2811013444581,2.6999905444792023
1893.7036743164062,382.1296540816798,2.697947488458991
1893.7245483398438,380.7509430225205,2.6982021598042127
1893.745361328125,379.89654290941405,2.7032368366722146
1893.7661743164062,382.1629978081601,2.6976433005465426
1893.7870483398438,384.24805653938614,2.7361378246193118
1893.807861328125,379.9794226731798,2.7011878508938714
1893.8286743164062,381.78955172113547,2.711614606654938
1893.8495483398438,380.7139281607582,2.696260412741668
1893.870361328125,381.9816998715559,2.69828795795644
1893.8911743164062,381.7196394117239,2.717271336934199
1893.9120483398438,380.53254050043313,2.7062497462741653
1893.932861328125,381.56013612805697,2.6987092217619604
1893.9536743164062,382.03081607342955,2.721372370073438
1893.9745483398438,383.2055301959908,2.7208009197023806
1893.9953002929688,377.3611532112239,2.6986465841376637
1894.0161743164062,380.0376252913504,2.6956142975284947
1894.0369873046875,381.7039039237586,2.699921578575301
1894.0578002929688,381.2008858583389,2.7177066774218246
1894.0786743164062,380.08959860858147,2.709785942407299
1894.0994873046875,382.9515306651745,2.7034354500194517
1894.1203002929688,382.1657935173851,2.699329865262225
1894.1411743164062,382.74385810382734,2.723561994166036
1894.1619873046875,380.39281656914966,2.6960599443410422
1894.1828002929688,381.3552071364191,2.6985668935494598
1894.2036743164062,380.328687986756,2.713670479809946
1894.2244873046875,379.6881500872528,2.697104480302392
1894.2453002929688,378.0741330734172,2.697434891700743
1894.2661743164062,378.73437939637455,2.6956693993495566
1894.2869873046875,378.2982624445147,2.6982169162203284
1894.3078002929688,377.39723411847024,2.699408296811186
1894.3286743164062,381.6279203158153,2.695346555632904
1894.3494873046875,379.65678150316955,2.699036344997946
1894.3703002929688,377.7568759451205,2.702344925177948
1894.3911743164062,382.2170982909329,2.6988730091863076
1894.4119873046875,378.1988177453835,2.706012484587228
1894.4328002929688,380.4126548260817,2.6941535558911536
1894.4536743164062,380.14928057798096,2.6955027637499365
1894.4744873046875,382.5301348837288,2.7028684990522467
1894.4953002929688,379.0997198302751,2.7018375748692485
1894.5161743164062,376.3233485156162,2.6997974178467743
1894.5369873046875,379.30087120169935,2.701703353748837
1894.5578002929688,380.0988691687138,2.697272342836493
1894.5786743164062,378.3538736684765,2.6941492196424823
1894.5994873046875,381.3014833756305,2.7009494383739105
1894.6203002929688,378.8779700249716,2.7077879625585535
1894.6411743164062,376.8524650550574,2.696148198256934
1894.6619873046875,381.3330319176705,2.700720097624952
1894.6828002929688,379.3582599527201,2.7037934816261724
1894.7036743164062,377.53096324370824,2.7268908283859297
1894.7244873046875,378.8296615608459,2.700345059703905
1894.7453002929688,376.9810757385733,2.6980104074185514
1894.7661743164062,376.47118175353756,2.694615105230826
1894.7869873046875,377.0120787392609,2.698730689611783
1894.8078002929688,377.85420681887825,2.710620432843914
1894.8286743164062,375.52753148988114,2.697456634851711
1894.8494873046875,378.04146725944594,2.709284561566166
1894.8703002929688,376.14621052598307,2.699807838383461
1894.8911743164062,377.05597850035844,2.7281489525231795
1894.9119873046875,377.5368430858659,2.6967327411920134
1894.9328002929688,374.90970691343614,2.7000239229908503
1894.9536743164062,377.33087517816955,2.7387948200801393
1894.9744873046875,377.4029327119992,2.702879878049033
1894.9953002929688,377.7992201786049,2.7036929553711953
1895.0161743164062,375.2784077369074,2.697328825036865
1895.0369873046875,377.51325804318714,2.698236444048131
1895.0578002929688,379.54699106148604,2.707497384588752
1895.0786743164062,376.9749695545221,2.697020324115602
1895.0994873046875,374.56675872593655,2.6958839584699117
1895.1203002929688,380.96376531398784,2.7101791156542077
1895.1411743164062,379.4042887053043,2.704412693848008
1895.1619873046875,376.90205451375255,2.6962654529989973
1895.1828002929688,375.877129905525,2.6928074792038426
1895.2036743164062,379.5137253586597,2.6939301857571665
1895.2244873046875,377.2504861873695,2.6927292095582693
1895.2453002929688,378.49880947706987,2.6968655299863604
1895.2661743164062,378.41270022142896,2.6991891597114055
1895.2869873046875,379.15036653455513,2.6949016755521074
1895.3078002929688,376.6316752448893,2.695265529057433
1895.3286743164062,377.78127537924996,2.6948473542815776
1895.3494873046875,378.40150654600956,2.7033474340043657
1895.3703002929688,379.5727303756719,2.6990923486198417
1895.39111328125,373.49852865307565,2.6988094036001224
1895.4119262695312,373.6157778575204,2.6934006254206064
1895.4328002929688,376.1248874029369,2.6957666871344084
1895.45361328125,374.5512160361492,2.696027489519193
1895.4744262695312,376.3549634170814,2.698177329963815
1895.4953002929688,379.849247552305,2.6989920006117942
1895.51611328125,376.0390447913209,2.7005806122027485
1895.5369262695312,376.63437011237846,2.7076730559071467
1895.5578002929688,375.67002384070594,2.7035193183255277
1895.57861328125,375.59632600688644,2.697478289441692
1895.5994262695312,376.2789704731026,2.693503837224402
1895.6203002929688,376.22470937950106,2.7057135211001477
1895.64111328125,376.25846234929,2.694849035249363
1895.6619262695312,378.62036322297,2.7007143594427103
1895.6828002929688,376.28411685510804,2.710232513841433
1895.70361328125,377.8408173767611,2.6977770166572337
1895.7244262695312,380.07154678488075,2.697943953642449
1895.7453002929688,377.44077303035664,2.7030386497508907
1895.76611328125,375.91259284049164,2.694476100128297
1895.7869262695312,374.5285458230501,2.7032749376994465
1895.8078002929688,376.7237517049013,2.696268813165316
1895.82861328125,375.1243076689441,2.6953677849006294
1895.8494262695312,375.09462761318395,2.6960038777275384
1895.8703002929688,376.0637630387508,2.6987185863594254
1895.89111328125,374.3805301209394,2.69697117285904
1895.9119262695312,373.5118760773609,2.696185338319782
1895.9328002929688,376.96788692079696,2.7024991407931194
1895.95361328125,373.7005270528936,2.7053413786332157
1895.9744262695312,376.18676642975083,2.6957859673876396
1895.9953002929688,376.2382645753469,2.7167768662769665
1896.01611328125,377.3050791705724,2.6968230948641545
1896.0369262695312,378.1572636636886,2.693797783306121
1896.0578002929688,376.65598531910837,2.7030107771714724
1896.07861328125,376.6030598628024,2.6967758850060557
1896.0994262695312,374.2985601195578,2.7056200276534224
1896.1203002929688,376.361055246182,2.700598445550787
1896.14111328125,376.3753353591676,2.6999092157430766
1896.1619262695312,375.2826558725232,2.695824881240197
1896.1828002929688,373.94401777350663,2.69864199006568
1896.20361328125,376.52926083414246,2.6971981805301093
1896.2244262695312,375.753124699821,2.694078422758631
1896.2453002929688,376.57412970109607,2.6972143567493636
1896.26611328125,374.3915986962444,2.6943905345422023
1896.2869262695312,377.2405688662641,2.698945270380592
1896.3078002929688,374.3741219429819,2.700459218709448
1896.32861328125,375.08503801447057,2.6983575841117498
1896.3494262695312,376.04566804959455,2.6955649437373537
1896.3703002929688,377.39281584664417,2.6955044443089964
1896.39111328125,375.9072056653222,2.700258708851165
1896.4119262695312,374.57787227654956,2.6937887556292965
1896.4328002929688,371.73654411663153,2.7013623438699255
1896.45361328125,377.1789134732695,2.7033424069510636
1896.4744262695312,373.10998353819843,2.6944036305887855
1896.4953002929688,372.77938017846685,2.7021989945182314
1896.51611328125,375.6194811983339,2.6950680829226066
1896.5369262695312,376.48433881351116,2.7527730138715865
1896.5578002929688,373.13418600762344,2.693017928269547
1896.57861328125,375.0180062553381,2.6962616507004817
1896.5994262695312,374.4528170514337,2.7312290950298097
1896.6202392578125,372.10732240645933,2.6958780331175594
1896.6410522460938,372.38070030168234,2.7038231097039866
1896.6619262695312,372.3114941102502,2.696555649822401
1896.6827392578125,375.40220240163217,2.701817014143904
1896.7035522460938,372.7043565471888,2.6931147806642546
1896.7244262695312,372.9084118947191,2.699948776606932
1896.7452392578125,373.48716186035807,2.6962015206157175
1896.7660522460938,374.87442035637986,2.698900482802313
1896.7869262695312,372.26619281854823,2.6941375382848056
1896.8077392578125,373.2102137260067,2.69413329050582
1896.8285522460938,373.12367773116324,2.7103903270461007
1896.8494262695312,371.61642003543227,2.698361648527246
1896.8702392578125,373.5629811649346,2.6967518377194377
1896.8910522460938,373.2978139385847,2.6987729180525935
1896.9119262695312,371.3853774779553,2.6958172753949987
1896.9327392578125,370.89590395998306,2.6943626609878972
1896.9535522460938,373.1483228420103,2.695028273481921
1896.9744262695312,372.53971700512176,2.702900430689265
1896.9952392578125,372.44954042775765,2.7004096885967304
1897.0160522460938,370.9811989835269,2.6956186314204
1897.0369262695312,372.4545809322007,2.6930901695083094
1897.0577392578125,370.8040497901191,2.701646345259408
1897.0785522460938,372.53803275690586,2.697653022364263
1897.0994262695312,372.41527249565166,2.6951188612224404
1897.1202392578125,372.9467925815516,2.6992556711589386
1897.1410522460938,370.89849350029056,2.6978356976430296
1897.1619262695312,373.54854982196474,2.692078615755302
1897.1827392578125,369.10075731281586,2.702946386885918
1897.2035522460938,372.5496984006985,2.7066147168659636
1897.2244262695312,371.9234115315707,2.694252756735213
1897.2452392578125,371.75181866214814,2.7043516870652686
1897.2660522460938,371.3963456446114,2.698074827136406
1897.2869262695312,370.57964003954027,2.6940271823534063
1897.3077392578125,371.12428014767187,2.693265895313964
1897.3285522460938,371.1424042724247,2.69625112803245
1897.3494262695312,373.6817965411742,2.700757969321983
1897.3702392578125,371.1942908645525,2.721216946051981
1897.3910522460938,369.89353954183156,2.6942064752616033
1897.4119262695312,371.6919549967405,2.700137654080374
1897.4327392578125,370.80669272322086,2.7210939322468
1897.4535522460938,372.69054290115395,2.701222891611956
1897.4744262695312,370.50089306522483,2.699490523837295
1897.4952392578125,371.16223404371334,2.69563676293343
1897.5160522460938,370.1553650102732,2.7015664784019924
1897.5369262695312,373.9652360322309,2.707497384588752
1897.5577392578125,371.44690877708786,2.710854740693492
1897.5785522460938,370.3797315907194,2.701088463411836
1897.5994262695312,371.17536224942455,2.700512632518788
1897.6202392578125,371.0217144165506,2.6972191300414257
1897.6410522460938,371.7484928564971,2.6962678404860227
1897.6619262695312,371.6344292699414,2.694369563037729
1897.6827392578125,369.8634723782317,2.6944399098448812
1897.7035522460938,371.99318602373353,2.694644922705114
1897.724365234375,371.49611928235566,2.6935519895774505
1897.7451782226562,372.8355922818248,2.707047455534105
1897.7660522460938,371.8422837192671,2.721955525272461
