1816.0990600585938,1460.6418146542621,1.5986001507143723
1816.1199340820312,1457.061473536097,1.5986973884044353
1816.1407470703125,1461.2363736729133,1.5993226554745252
1816.1615600585938,1458.7383575536212,1.5981669087858166
1816.1824340820312,1461.1840199889164,1.5986082789380067
1816.2032470703125,1459.5095930363989,1.600503189712964
1816.2240600585938,1459.0620530737835,1.599971446140132
1816.2449340820312,1460.5999734123247,1.5988090105775852
1816.2657470703125,1460.8719807786285,1.5991678338827644
1816.2865600585938,1458.4345145478587,1.5987684487120222
1816.3074340820312,1459.3426678021874,1.599166119356577
1816.3282470703125,1460.9463168183288,1.5985322896197722
1816.3490600585938,1461.7703579229526,1.5987892517091222
1816.3699340820312,1461.0215284070175,1.5992738327580975
1816.3907470703125,1457.139171041346,1.5978262141695059
1816.4115600585938,1458.2608229211694,1.598054794183736
1816.4324340820312,1460.8308286129522,1.5987405618324888
1816.4532470703125,1457.7470751860992,1.5974538063928359
1816.4740600585938,1459.062625363571,1.6001207514735458
1816.4949340820312,1456.6603015592293,1.5971044506199916
1816.5157470703125,1456.7765849525513,1.5977599616303488
1816.5365600585938,1457.2055587254697,1.5983127280542304
1816.5574340820312,1459.7559075555228,1.5978644871885521
1816.5782470703125,1453.9713175872405,1.5966552732508452
1816.5990600585938,1456.401353272832,1.596794959523993
1816.6199340820312,1455.4578230265413,1.59795997922338
1816.6407470703125,1459.4608119673583,1.5974061205864067
1816.6615600585938,1457.460059969095,1.5980488264528387
1816.6824340820312,1456.4803390030338,1.5981666104207335
1816.7032470703125,1459.4536737941153,1.5974180608280257
1816.7240600585938,1456.7630216152322,1.5986489940050397
1816.7449340820312,1458.0120297719682,1.5982773000437325
1816.7657470703125,1460.8903138867568,1.5982942310014572
1816.7865600585938,1457.9797526085372,1.5980687436677794
1816.8074340820312,1459.849673720821,1.5997444067891666
1816.8282470703125,1459.33173064012,1.597806368539447
1816.8490600585938,1456.03994396078,1.600772346408522
1816.8699340820312,1458.619758388849,1.599344271163037
1816.8907470703125,1457.720463536179,1.5973128343762335
1816.9115600585938,1459.089387295824,1.597851281981472
1816.9324340820312,1459.8474454683258,1.599463077697361
1816.9532470703125,1456.6015060366576,1.5981862278063843
1816.9740600585938,1459.3946505535584,1.5983655329786612
1816.9949340820312,1458.6346042410034,1.5979795245457025
1817.0157470703125,1459.7305386270757,1.5991893025768007
1817.0365600585938,1457.1141225888284,1.6040096288663137
1817.0574340820312,1457.0100919808685,1.5974683581160176
1817.0782470703125,1457.2318901401059,1.5978247966326762
1817.0990600585938,1459.9663938621427,1.5981813794254889
1817.1199340820312,1457.357262047604,1.5991736483491912
1817.1407470703125,1459.4722687329463,1.5979753469396454
1817.1615600585938,1457.0699154238341,1.5977986838871683
1817.1824340820312,1459.2317507274224,1.5999478272038028
1817.2032470703125,1457.7397676923347,1.597167371646556
1817.2240600585938,1458.362045219207,1.5982345616301938
1817.2449340820312,1459.7045887174193,1.600305575754523
1817.2657470703125,1459.5367578095172,1.59891518235356
1817.28662109375,1458.3468640757603,1.5981295381257061
1817.3074340820312,1459.3750168867398,1.5988688821861208
1817.3283081054688,1460.1046811573049,1.598415725872933
1817.34912109375,1459.607745261824,1.5990665991430355
1817.3699340820312,1457.211827077961,1.5979250656099508
1817.3908081054688,1459.2267402156394,1.5986332599170876
1817.41162109375,1459.8869937935933,1.599057280453857
1817.4324340820312,1458.8753087563991,1.5991611248567712
1817.4533081054688,1461.41804791056,1.5985997778590857
1817.47412109375,1460.0675264623037,1.5987488384704904
1817.4949340820312,1458.5840018531483,1.6035849106719804
1817.5158081054688,1458.458833170833,1.599529632332034
1817.53662109375,1458.2909076722635,1.5991835627111364
1817.5574340820312,1459.6638762207067,1.600236148096678
1817.5783081054688,1459.7352581150617,1.600646412924786
1817.59912109375,1459.3772190794602,1.598738399460546
1817.6199340820312,1458.7657477692765,1.5990742777021087
1817.6408081054688,1458.4834520525892,1.5983964096261942
1817.66162109375,1459.8607545253737,1.5993889923497309
1817.6824340820312,1458.5200855927017,1.6012227512158421
1817.7033081054688,1458.7356588153175,1.601008547372298
1817.72412109375,1458.7939017961187,1.5998397866144198
1817.7449340820312,1457.9035070473092,1.5987392942354977
1817.7658081054688,1457.068127503064,1.598420648122426
1817.78662109375,1457.8345767065791,1.5986603284179377
1817.8074340820312,1459.1227723427744,1.6011117440421796
1817.8283081054688,1459.0507980815573,1.6003661362625194
1817.84912109375,1462.7489951058249,1.6021941637347403
1817.8699340820312,1462.0200949470072,1.5996081826155506
1817.8908081054688,1461.8064289580598,1.601423825098585
1817.91162109375,1459.7671185236045,1.599642612358826
1817.9324340820312,1459.9807106069604,1.5992009313323996
1817.9533081054688,1460.699714897995,1.599108197109255
1817.97412109375,1458.8309950259227,1.6001316284633629
1817.9949340820312,1457.26638124411,1.5995071993323264
1818.0158081054688,1457.5447310859986,1.5985580920896807
1818.03662109375,1458.6359817612365,1.5986706188021549
1818.0574340820312,1461.285864287792,1.5992189706449071
1818.0783081054688,1456.3673695687542,1.5984298959441183
1818.09912109375,1458.0873427627919,1.5985762132285473
1818.1199340820312,1459.6527687813536,1.6006595950724456
1818.1408081054688,1457.4919562251005,1.5997201138313026
1818.16162109375,1457.901825766151,1.598988767783655
1818.1824340820312,1458.9285245571873,1.5991682066056054
1818.2033081054688,1460.1456868791095,1.6009258214288922
1818.22412109375,1460.0879013461927,1.600246577336245
1818.2449340820312,1459.4057327158503,1.600867739454473
1818.2658081054688,1458.4176854494685,1.5991388357794398
1818.28662109375,1458.6440465299618,1.6001173244614364
1818.3074340820312,1457.5476077210392,1.6024974792032158
1818.3283081054688,1458.5539591814093,1.5992474455092225
1818.34912109375,1459.0577208587706,1.5995022058975543
1818.3699340820312,1455.386213462326,1.5987706110433229
1818.3908081054688,1459.7984511481386,1.5995300049705687
1818.41162109375,1459.835831811408,1.6024811133880046
1818.4324340820312,1458.4490082024417,1.6017059261949986
1818.4533081054688,1459.0876643583,1.5999955862699666
1818.47412109375,1459.790509749975,1.599380495420483
1818.4949340820312,1457.2873907821847,1.599559815772073
1818.5158081054688,1457.5012813216701,1.5989757955220985
1818.53662109375,1459.299606225917,1.5997449284130505
1818.5574340820312,1458.8303144066142,1.59904870721185
1818.5783081054688,1456.8750150888472,1.5987809007177174
1818.59912109375,1458.404809297418,1.5996166783353576
1818.6199340820312,1458.2881161815908,1.5994204455020162
1818.6408081054688,1458.640306131824,1.5984963444443356
1818.66162109375,1457.599275644542,1.5988601588160676
1818.6824340820312,1457.1433504171475,1.5989455265025172
1818.7033081054688,1459.028800085783,1.599722647469906
1818.7241821289062,1459.3073923181341,1.600409413647109
1818.7449951171875,1459.4981647606023,1.6007129928312263
1818.7658081054688,1459.358971369458,1.599762589007045
1818.7866821289062,1457.639479595494,1.6039011186386651
1818.8074951171875,1459.2837542377601,1.5997052099935836
1818.8283081054688,1458.6751431087778,1.599549903742227
1818.8491821289062,1460.0992170997424,1.6010396708780266
1818.8699951171875,1458.496445912141,1.5996574422580014
1818.8908081054688,1458.6308928589954,1.6009353526285497
1818.9116821289062,1455.8044138103407,1.5990729358206575
1818.9324951171875,1457.3502582720716,1.599545506656688
1818.9533081054688,1457.921793316502,1.6031257257590037
1818.9741821289062,1460.6668106739369,1.602456564351794
1818.9949951171875,1456.0639306699775,1.598974006236383
1819.0158081054688,1455.5431005654464,1.598733403624528
1819.0366821289062,1459.3701633161456,1.6019394593771012
1819.0574951171875,1458.1288164739226,1.5998194443631375
1819.0783081054688,1459.4702454468372,1.5996532690339433
1819.0991821289062,1455.519385195291,1.5994011413894518
1819.1199951171875,1458.182869382869,1.6012025754339436
1819.1408081054688,1455.9743645012625,1.6001338634521134
1819.1616821289062,1458.499850211717,1.5994799961032868
1819.1824951171875,1458.5798409658953,1.6008383998098958
1819.2033081054688,1458.7922518770033,1.6000102638869094
1819.2241821289062,1459.1571377793568,1.60046028728607
1819.2449951171875,1459.754228041178,1.5997719781042203
1819.2658081054688,1457.248734853802,1.6014138501660913
1819.2866821289062,1456.5485456623292,1.59911572637458
1819.3074951171875,1459.6014204256783,1.6052919462171737
1819.3283081054688,1459.424905605023,1.6010567959939501
1819.3491821289062,1458.4528458838377,1.6007541756600057
1819.3699951171875,1459.4422009416007,1.6018440557342002
1819.3908081054688,1456.4174783141546,1.6037628689470373
1819.4116821289062,1458.945794452023,1.5999182471608562
1819.4324951171875,1457.4333654253844,1.601199299637248
1819.4533081054688,1458.0295473502651,1.6015111403254958
1819.4741821289062,1457.8204836585576,1.6014308968414461
1819.4949951171875,1459.1018813768985,1.6041025256260046
1819.5158081054688,1459.5297350170072,1.6026486319232283
1819.5366821289062,1456.8536588714876,1.6008500910525092
1819.5574951171875,1459.1318921100558,1.6011864197352628
1819.5783081054688,1461.5886698547363,1.6003192821464005
1819.5991821289062,1458.9186485759403,1.6028027454123275
1819.6199951171875,1457.958808567109,1.601842865013209
1819.6408081054688,1457.6260124363043,1.6013871259735688
1819.6616821289062,1458.5942992907792,1.5995886571937488
1819.6824951171875,1460.1696574208518,1.601748125437495
1819.7033081054688,1458.3616434438966,1.6001383334202492
1819.7241821289062,1457.8232015481233,1.599766985495916
1819.7449951171875,1457.506567229424,1.6002346581997626
1819.7658081054688,1459.034670864715,1.5996736133983944
1819.7866821289062,1456.860173441856,1.5994097872756239
1819.8074951171875,1459.6592522944454,1.6043256788173554
1819.8283081054688,1459.7620285764187,1.5998406062601496
1819.8491821289062,1462.3881174001094,1.603021617627033
1819.8699951171875,1459.3940994275417,1.6014435514612577
1819.8908081054688,1459.8888018055006,1.6007580481319024
1819.9116821289062,1461.4300369216887,1.6031179178836241
1819.9324951171875,1461.242798861493,1.600700481382264
1819.9533081054688,1459.797192730394,1.6030979146770006
1819.9741821289062,1458.5694778854972,1.6005210653847566
1819.9949951171875,1461.3341268745396,1.6011272304143238
1820.0158081054688,1458.5348761090272,1.6045094986560429
1820.0366821289062,1459.8160375147556,1.6010516584784062
1820.0574951171875,1462.0748006044573,1.6006693512813155
1820.0783081054688,1458.2750461655353,1.6015676358768642
1820.0991821289062,1459.8031809572085,1.6026763020388182
1820.1199951171875,1458.8846879089385,1.5998023805169699
1820.1408081054688,1457.087040370197,1.6029615292849906
1820.1616821289062,1460.5478818792155,1.6015605647377789
1820.1824951171875,1459.0129744803064,1.601247989197659
1820.2033081054688,1457.4287568669595,1.5999881356514691
1820.2241821289062,1458.7966961352377,1.600333658833475
1820.2449951171875,1456.5916201483703,1.5998977568860497
1820.2658081054688,1458.0558222926793,1.6003446833557589
1820.2866821289062,1459.486963296094,1.5998439593519433
1820.3074951171875,1460.1193804930151,1.600547580596877
1820.328369140625,1457.2604145901673,1.600199123747254
1820.3491821289062,1459.2613113968814,1.6050634313390315
1820.3700561523438,1458.9571212448825,1.6002555166303472
1820.390869140625,1460.6211247794186,1.6013888381218366
1820.4116821289062,1460.5774028835008,1.6011985551370644
1820.4325561523438,1459.2931578507037,1.603753205888596
1820.453369140625,1457.4990948940822,1.6006759050370905
1820.4741821289062,1457.9836878602764,1.6002102236924265
1820.4950561523438,1460.3651303090987,1.6014518885679037
1820.515869140625,1460.1212969578014,1.6003235281244161
1820.5366821289062,1460.2363598031047,1.6016096899011945
1820.5575561523438,1459.403973965821,1.5995508725899579
1820.578369140625,1459.3892219255547,1.6005825859625908
1820.5991821289062,1460.3983268152333,1.6008329637253331
1820.6200561523438,1460.3492997685464,1.6006403059043273
1820.640869140625,1460.0545029742352,1.6011079468799896
1820.6616821289062,1460.6672964241302,1.601822399357829
1820.6825561523438,1460.8794609445097,1.6018523163367064
1820.703369140625,1460.537106813672,1.602195354194653
1820.7241821289062,1460.4362710145406,1.6027629540145587
1820.7450561523438,1460.6277484183056,1.6033439590805196
1820.765869140625,1461.6374952559531,1.6060085456544775
1820.7866821289062,1460.428686090909,1.6006530412498907
1820.8075561523438,1461.318280798887,1.6006117068643235
1820.828369140625,1459.4027347778717,1.6015767166623203
1820.8491821289062,1460.060792404351,1.6005054986651324
1820.8700561523438,1460.623838860721,1.6018996465351942
1820.890869140625,1458.7179752888997,1.600965360644407
1820.9116821289062,1460.488552189057,1.6008671437309971
1820.9325561523438,1460.5793277994192,1.6008130064346786
1820.953369140625,1458.5291139190658,1.6005753615136407
1820.9741821289062,1462.369033520574,1.6006543818066872
1820.9950561523438,1461.9326520443892,1.605434890724159
1821.015869140625,1462.3655652293508,1.6030408037766843
1821.0366821289062,1461.3689454383154,1.604630002901843
1821.0575561523438,1459.6235660180141,1.6012667499175393
1821.078369140625,1461.883171079983,1.6008458464711142
1821.0991821289062,1463.7778850229865,1.6009918684982245
1821.1200561523438,1461.9103504539023,1.6019538959388766
1821.1616821289062,1459.5560030812328,1.6012084569611924
1821.1825561523438,1460.851076082711,1.6041561060306004
1821.203369140625,1461.7430641683648,1.602557213010406
1821.2241821289062,1457.5152751020403,1.6010415323125435
1821.2450561523438,1462.6025474109867,1.6036648977033752
1821.265869140625,1458.38570048414,1.603770822343765
1821.2866821289062,1458.9920391674732,1.6028260247814023
1821.3075561523438,1460.7322246798474,1.6033189027947117
1821.328369140625,1460.6703799516506,1.6012738968006295
1821.3491821289062,1458.502988466056,1.6015176906364883
1821.3700561523438,1461.0675837003755,1.602158151904293
1821.390869140625,1459.3388156870144,1.6037482256742015
1821.4116821289062,1460.870342444041,1.6044486487454752
1821.4325561523438,1459.4448349733896,1.6039935014407585
1821.453369140625,1460.8833338899733,1.6024720377275257
1821.4741821289062,1462.488949635195,1.601744999605807
1821.4950561523438,1460.778905984058,1.6022846361673233
1821.515869140625,1459.2670580607114,1.6025620481526828
1821.5366821289062,1464.0721054263845,1.6042183789261817
1821.5575561523438,1463.2350288096134,1.6036908405955566
1821.578369140625,1458.7495986435679,1.6027483759841938
1821.5991821289062,1463.2666079083924,1.605818958557964
1821.6200561523438,1462.2390036005493,1.6035656566922591
1821.640869140625,1458.406679984876,1.602655921408631
1821.6616821289062,1461.603547727824,1.6065903803942578
1821.6825561523438,1461.107803265382,1.6020955012950306
1821.703369140625,1459.4379296179225,1.6015776098515513
1821.7241821289062,1460.5600061048826,1.6016682659674422
1821.7450561523438,1463.5678291078239,1.6027796144583302
1821.765869140625,1459.1450651455943,1.6016814397050538
1821.7866821289062,1463.8142988074408,1.6033060399202186
1821.8075561523438,1460.6914169673778,1.6023586620304637
1821.828369140625,1459.2040541833403,1.6026733267804945
1821.8491821289062,1460.1357268323868,1.604300043415501
1821.8700561523438,1462.5764842862789,1.603602528975965
1821.890869140625,1461.2740449653907,1.6068321805728991
1821.9116821289062,1460.470489162632,1.602943085876744
1821.9325561523438,1459.7485517708255,1.6037863573694062
1821.953369140625,1461.3608850556086,1.6046067497045842
1821.9741821289062,1460.3721896571258,1.603608401700945
1821.9950561523438,1461.9422724745348,1.6048544940768972
1822.015869140625,1462.5892440173238,1.6033500558029994
1822.0366821289062,1461.714247031893,1.603629364923568
1822.0575561523438,1460.3578155124833,1.6042069351624697
1822.078369140625,1459.7165702594073,1.6037010243668923
1822.0991821289062,1463.232809657538,1.6039656310834784
1822.1200561523438,1459.9370040730266,1.6037067480640002
1822.140869140625,1461.8750975653375,1.6032803138616416
1822.1616821289062,1461.1231465314784,1.60479714855671
1822.1825561523438,1461.835388492053,1.6029494815988
1822.203369140625,1462.376030080272,1.6037133637404006
1822.2241821289062,1461.345867035959,1.6034469310993897
1822.2450561523438,1461.1987010447704,1.6046385463241761
1822.2659301757812,1463.744560607558,1.6045170025755273
1822.2867431640625,1460.8882766844417,1.603671290546719
1822.3075561523438,1463.6866665398675,1.6044006507288264
1822.3284301757812,1464.2060297479622,1.6078224470981932
1822.3492431640625,1464.5601053998919,1.6087447478616932
1822.3700561523438,1462.3549946280432,1.6030536687794275
1822.3909301757812,1461.7086944380048,1.603573462387577
1822.4117431640625,1462.2501719646962,1.602990532602587
1822.4325561523438,1463.5513375109622,1.6039648878673218
1822.4534301757812,1460.9180173286345,1.6039758874312724
1822.4742431640625,1466.970706072905,1.6040047237678663
1822.4950561523438,1461.754985807266,1.6050945504880607
1822.5159301757812,1464.896413407172,1.6039806439761048
1822.5367431640625,1461.6150277152021,1.603640812808887
1822.5575561523438,1465.82703636717,1.6038033788276052
1822.5784301757812,1464.2380793795814,1.604075400328287
1822.5992431640625,1460.13307998706,1.6032359242870529
1822.6200561523438,1465.6290000914366,1.6062552574457596
1822.6409301757812,1464.6837475325517,1.604169853834809
1822.6617431640625,1463.397649221808,1.6037494893121538
1822.6825561523438,1462.2444077154082,1.60469099451147
1822.7034301757812,1464.2719985141557,1.6042085699908553
1822.7242431640625,1462.4059898620883,1.6041091396701368
1822.7450561523438,1464.237256794114,1.6035566615105326
1822.7659301757812,1465.4865445566902,1.6037452524045037
1822.7867431640625,1465.575397389287,1.6047293266632312
1822.8075561523438,1464.5399779432646,1.605529635497715
1822.8284301757812,1466.8232044275858,1.6094820301798345
1822.8492431640625,1463.9565330733778,1.6057983951037482
1822.8700561523438,1467.2803375791823,1.6062479842948882
1822.8909301757812,1466.2551392098171,1.6076024488251528
1822.9117431640625,1465.4509030307026,1.6053964269084808
1822.9325561523438,1465.7840176081222,1.6053616007669171
1822.9534301757812,1468.7474834189557,1.6050623915479794
1822.9742431640625,1466.1366573257476,1.6062638664389233
1822.9950561523438,1465.7063268937134,1.6046274027207998
1823.0159301757812,1466.6116464991662,1.6051056165794062
1823.0367431640625,1468.0100641996983,1.6050238445328981
1823.0575561523438,1467.8988349520823,1.605477437462239
1823.0784301757812,1466.1269660927248,1.605567427895256
1823.0992431640625,1467.468988716015,1.6050329057641826
1823.1200561523438,1467.3727694459196,1.60515960909866
1823.1409301757812,1465.8136244399782,1.605705522216112
1823.1617431640625,1467.7287696220053,1.6092558881513546
1823.1825561523438,1470.0567911550568,1.6082744353715273
1823.2034301757812,1465.455046676845,1.6044899585822163
1823.2242431640625,1467.3134694340417,1.604801679818747
1823.2450561523438,1466.1716812989057,1.6081530181661932
1823.2659301757812,1465.3194445122576,1.605334645260204
1823.2867431640625,1466.5407612208105,1.60710183499979
1823.3075561523438,1468.0140422096024,1.6057781283370622
1823.3284301757812,1467.9244691786296,1.6055011978026146
1823.3492431640625,1467.9996960903343,1.6046259169011692
1823.3700561523438,1466.3350620788249,1.605843456192193
1823.3909301757812,1467.1765397196605,1.6049444451625439
1823.4117431640625,1466.9404592246233,1.6047457438357668
1823.4325561523438,1469.7137080205089,1.6062646085913461
1823.4534301757812,1468.1340599630648,1.6071184504638765
1823.4742431640625,1467.3723865966492,1.6059105629488823
1823.4950561523438,1470.7396569052664,1.6054758781776064
1823.5159301757812,1466.9678557154946,1.6051798836746793
1823.5367431640625,1465.2391614222704,1.6047507209544443
1823.5575561523438,1468.5302704735377,1.605420708227561
1823.5784301757812,1469.346986930053,1.6061987041194088
1823.5992431640625,1471.0159434819095,1.6056224443141367
1823.6200561523438,1469.8294012984757,1.6055028313130968
1823.6409301757812,1466.9884072457758,1.6052551127389338
1823.6617431640625,1467.6683037247772,1.605868918488654
1823.6825561523438,1467.3264948535175,1.6054882781611537
1823.7034301757812,1470.6168450360778,1.607165848098278
1823.7242431640625,1470.9715792313857,1.6065791019278641
1823.7450561523438,1469.607599836821,1.6069940528403512
1823.7659301757812,1471.6975118295527,1.6070047349462442
1823.7867431640625,1470.7407733827663,1.6076479784070257
1823.8075561523438,1471.1264573179992,1.6084165218890727
1823.8284301757812,1469.4731148271374,1.6088256639117122
1823.8492431640625,1471.0464564999463,1.6062341800608275
1823.8700561523438,1469.4661930369707,1.606988934306114
1823.8909301757812,1469.754261945442,1.6056205881903811
1823.9117431640625,1468.0755479920692,1.606119733938508
1823.9325561523438,1471.3308940742857,1.6075228801896575
1823.9534301757812,1471.017724930605,1.606598171393884
1823.9742431640625,1469.9883195520642,1.6091034298994
1823.9950561523438,1468.4950301241524,1.6060328177190453
1824.0159301757812,1472.1490917861195,1.606093162271537
1824.0367431640625,1473.353697575566,1.6067839569924272
1824.0575561523438,1468.9592026327214,1.606157883552038
1824.0784301757812,1469.8782270872312,1.6065530572720212
1824.0992431640625,1471.0239947758175,1.6066455843770329
1824.1200561523438,1473.8232661641043,1.6066117499029278
1824.1409301757812,1471.2083911686768,1.6067130286042437
1824.1617431640625,1471.4682513760579,1.6061814853884093
1824.1825561523438,1469.76844175957,1.6069646766830108
1824.2034301757812,1469.4587886024558,1.608289037433784
1824.2242431640625,1470.7206813417845,1.6057790191893242
1824.2450561523438,1476.7304758682883,1.6075162060337471
1824.2659301757812,1472.3743461559914,1.6065281994431593
1824.2867431640625,1467.453297787736,1.6092002551568587
1824.3075561523438,1473.2167218101206,1.6114942800223269
1824.3284301757812,1473.0887445249684,1.6063320688143885
1824.3492431640625,1472.7818301148236,1.6069960557406149
1824.3700561523438,1472.819596796126,1.6068631170924745
1824.3909301757812,1471.7111234011797,1.6078762001045575
1824.4117431640625,1474.0509985807016,1.6079485599346373
1824.4325561523438,1472.5914053915737,1.6087584564532107
1824.4534301757812,1467.2672783748023,1.6068490955782666
1824.4742431640625,1470.4124426750368,1.6098507668654098
1824.4950561523438,1473.644246435671,1.6080450840650782
1824.5159301757812,1472.5683553136519,1.6076975849038324
1824.5367431640625,1471.5272119845813,1.6065135071724161
1824.5575561523438,1472.5056204674736,1.6073055109337195
1824.5784301757812,1475.471090798018,1.609294926401308
1824.5992431640625,1471.445355220138,1.6069309972964059
1824.6200561523438,1474.196090582683,1.6080721424013402
1824.6409301757812,1472.8863329776364,1.6087619391578527
1824.6617431640625,1475.3426766868315,1.609923704365385
1824.6826171875,1471.54303224905,1.606722748055956
1824.7034301757812,1474.707960724188,1.610185733767693
1824.7243041992188,1473.068267074121,1.6076025971320729
1824.7451171875,1473.564992136461,1.6102012069030491
1824.7659301757812,1473.0319436786153,1.607615129017407
1824.7868041992188,1473.6108769466712,1.6076424170451473
1824.8076171875,1473.5575050158654,1.608383910548392
1824.8284301757812,1473.8201598607777,1.6077999073718021
1824.8493041992188,1473.5791637134075,1.6081940104699057
1824.8701171875,1472.7132388802972,1.6083140162887486
1824.8909301757812,1473.553568690302,1.6080146150921184
1824.9118041992188,1472.0045544074896,1.608058131429267
1824.9326171875,1474.2793948583637,1.6086245518570454
1824.9534301757812,1470.964300365908,1.607349120633852
1824.9743041992188,1472.530096167457,1.6076235824233458
1824.9951171875,1475.6276310410015,1.6084186712496644
1825.0159301757812,1475.1130174196771,1.6098842370726232
1825.0368041992188,1471.7014023760407,1.607970133802986
1825.0576171875,1474.251031937121,1.6086219581328025
1825.0784301757812,1477.2614346997773,1.609148842930014
1825.0993041992188,1473.634511097286,1.6083717552431605
1825.1201171875,1476.6706450614654,1.6094902515809415
1825.1409301757812,1473.9698454166378,1.6093266303932359
1825.1618041992188,1474.2256485317039,1.6086525638123916
1825.1826171875,1473.9313341781965,1.608918282600095
1825.2034301757812,1476.7434497472684,1.6109347146395885
1825.2243041992188,1475.4167191553458,1.6095692045200805
1825.2451171875,1475.0654915811642,1.6079160873808769
1825.2659301757812,1474.6776337013036,1.6078746431461968
1825.2868041992188,1474.386031598028,1.608349223214883
1825.3076171875,1479.4799239662127,1.6089308042376176
1825.3284301757812,1475.4378048984486,1.610615520693647
1825.3493041992188,1473.9600738704241,1.6084313450071666
1825.3701171875,1474.864122031234,1.6087915788922365
1825.3909301757812,1474.7553957432765,1.6087942464415463
1825.4118041992188,1471.8447542061679,1.610524776065643
1825.4326171875,1476.6237525805143,1.6102614692761623
1825.4534301757812,1475.1178547682034,1.60845031839899
1825.4743041992188,1474.8844216583013,1.6086876151223692
1825.4951171875,1473.5061954780329,1.6097797514442123
1825.5159301757812,1474.9458537014011,1.6100446918752955
1825.5368041992188,1477.0182824477877,1.6096832572749276
1825.5576171875,1473.9446138214178,1.6094546252061703
1825.5784301757812,1474.6730548167384,1.610732163700698
1825.5993041992188,1475.6467137123873,1.6098090762314374
1825.6201171875,1474.4922240479962,1.6104517177437254
1825.6409301757812,1475.123440992813,1.6108823957370406
1825.6618041992188,1474.432602547078,1.6079264668072673
1825.6826171875,1472.3698845705032,1.6088776792234676
1825.7034301757812,1474.6062672791309,1.609752277484627
1825.7243041992188,1474.3158399859135,1.6107430430428868
1825.7451171875,1475.1377357604238,1.614590905284559
1825.7659301757812,1473.3999852067993,1.6081712535695616
1825.7868041992188,1476.3563278377976,1.6109316066334445
1825.8076171875,1474.5512339961797,1.6089170971145696
1825.8284301757812,1476.4924595974753,1.6103976065563412
1825.8493041992188,1472.0193589032328,1.616763441722152
1825.8701171875,1473.6359314606514,1.6085508143515623
1825.8909301757812,1476.4232561204199,1.6099560623807816
1825.9118041992188,1474.7767687668413,1.6101538245836673
1825.9326171875,1478.1590335512246,1.610193581405164
1825.9534301757812,1479.3025831534737,1.611320874746946
1825.9743041992188,1476.567419154543,1.6112592462787831
1825.9951171875,1475.9058173517392,1.610230820144639
1826.0159301757812,1477.4590977038033,1.6140664616671871
1826.0368041992188,1477.5658478192356,1.6136576880683478
1826.0576171875,1479.0473723271105,1.6117164837390907
1826.0784301757812,1478.407911251201,1.6115018253913789
1826.0993041992188,1479.955724129903,1.6156607529836484
1826.1201171875,1482.3686163749305,1.6124014683863683
1826.1618041992188,1481.768197547068,1.6163493762697478
1826.1826171875,1480.142461067625,1.6149310158088899
1826.2034301757812,1476.042830728657,1.6149276202254064
1826.2243041992188,1477.943474575811,1.6146363854665047
1826.2451171875,1476.8267145310838,1.6138792984605106
1826.2659301757812,1477.2399620787885,1.614608034334638
1826.2868041992188,1477.4931529291132,1.6148220583082147
1826.3076171875,1478.1494351613246,1.6154730365643541
1826.3284301757812,1478.9553288761952,1.6161875558873275
1826.3493041992188,1478.5756529173098,1.620254998212185
1826.3701171875,1477.8390740010716,1.6168500022887475
1826.3909301757812,1479.8146682526146,1.6171428287251917
1826.4118041992188,1478.3425188462372,1.6213816191835422
1826.4326171875,1477.31410216433,1.6168059115400402
1826.4534301757812,1479.8134412820345,1.618159789665074
1826.4743041992188,1478.9621740299876,1.6187953603862297
1826.4951171875,1479.3956605628905,1.619293316128504
1826.5159301757812,1481.1941101242091,1.6207301455930239
1826.5368041992188,1480.6753270913387,1.6210313164511676
1826.5576171875,1480.3004866809508,1.6233020127478017
1826.5784301757812,1481.1620157497473,1.6225145111845738
1826.5993041992188,1481.123660387975,1.622665782858222
1826.6201171875,1478.5587895473948,1.6248691946348979
1826.6409301757812,1478.0011126589607,1.6237408087560574
1826.6618041992188,1477.6603908307677,1.6250224478711686
1826.6826171875,1477.8197472844386,1.6265700898007136
1826.7034301757812,1480.1996941639075,1.6284382465707097
1826.7243041992188,1481.7301141083178,1.6307394200598344
1826.7451171875,1476.7183789124083,1.6302899308751093
1826.7659301757812,1478.3449952422475,1.6308783067529526
1826.7868041992188,1476.8852603729908,1.6315085575207842
1826.8076171875,1478.0843520161948,1.632672682621128
1826.8284301757812,1477.7873202556127,1.6343844936817211
1826.8493041992188,1479.6059067628073,1.6347738650899333
1826.8701171875,1480.0386732994516,1.635482284622554
1826.8909301757812,1477.9869117977125,1.6352403468757035
1826.9118041992188,1479.6108534475247,1.6365118874719224
1826.9326171875,1478.5240880523004,1.6373504657755067
1826.9534301757812,1479.839702784717,1.6402361454401093
1826.9743041992188,1479.0110608147754,1.643128292737747
1826.9951171875,1479.9473176302167,1.6495761644876172
1827.0159301757812,1478.5383980393744,1.6474000097562145
1827.0368041992188,1478.4841869533952,1.6506398029811928
1829.2243041992188,1490.6648152193068,1.6357027601358356
1829.2451782226562,1493.4431977257252,1.6365755514717457
1829.2659912109375,1492.431568709001,1.6352762133630785
1829.2868041992188,1492.5954159465446,1.6356847587866536
1829.3076782226562,1494.1134602549173,1.6349868533571255
1829.3284912109375,1492.1910606443873,1.6357026143767188
1829.3493041992188,1492.6041088674149,1.6354717156283196
1829.3701782226562,1491.5392478772776,1.6347495093058322
1829.3909912109375,1491.2691302478863,1.6328814186262643
1829.4118041992188,1491.163472877575,1.6334520757421498
1829.4326782226562,1491.7326467176545,1.632387973043588
1829.4534912109375,1492.6743788722424,1.6331358229011728
1829.4743041992188,1491.0824836976933,1.6304083103297573
1829.4951782226562,1491.2398223529256,1.632928506481053
1829.5159912109375,1492.7152994562432,1.6301413411603407
1829.5368041992188,1490.404291264645,1.631748418555612
1829.5576782226562,1494.852528820153,1.6376335846670325
1829.5784912109375,1490.5513526112481,1.6300459792082203
1829.5993041992188,1491.4867029780978,1.629509464242284
1829.6201782226562,1492.0578089970995,1.630889636461382
1829.6409912109375,1490.6876380383744,1.6293214410627772
1829.6618041992188,1490.3222876498583,1.627826213694686
1829.6826782226562,1490.7731001243537,1.628617880930761
1829.7034912109375,1490.510854090502,1.6326608541786798
1829.7243041992188,1490.6578989635477,1.6276697089667906
1829.7451782226562,1489.6511018548356,1.6282582263290661
1829.7659912109375,1492.9664485440017,1.6292416892700923
1829.7868041992188,1491.1485245042898,1.6264800887250865
1829.8076782226562,1488.7266822682116,1.625693320041713
1829.8284912109375,1489.492106433764,1.626381433616264
1829.8493041992188,1489.9656889897608,1.625978688648197
1829.8701782226562,1488.661544602963,1.6254101015669113
1829.8909912109375,1488.29189077644,1.6285686188747672
1829.9118041992188,1487.7488140903667,1.6252117019081813
1829.9326782226562,1489.0353166639507,1.6249528291164754
1829.9534912109375,1489.5038061428331,1.6242659451378854
1829.9743041992188,1489.5786724049738,1.6247998627880946
1829.9951782226562,1489.4622952393145,1.6241009499316377
1830.0159912109375,1489.338856432055,1.6230625193148336
1830.0368041992188,1489.32945465158,1.6233546657191953
1830.0576782226562,1490.4460702138033,1.622825047359813
1830.0784912109375,1491.7677592041061,1.6243060904575333
1830.0993041992188,1491.7569239782315,1.6237630537887118
1830.1201782226562,1492.7585560252658,1.6228307770644321
1830.1409912109375,1488.0550265283216,1.6222073694025287
1830.1618041992188,1492.0122298058016,1.6227192645631816
1830.1826782226562,1491.9964107073188,1.6221124229040578
1830.2034912109375,1491.1320294207808,1.6215866626373563
1830.2243041992188,1489.1217332415551,1.6228888075481447
1830.2451782226562,1490.4964323874515,1.6217511050727882
1830.2659912109375,1492.7071385312117,1.622147697793774
1830.2868041992188,1489.7684933461298,1.6211657404713447
1830.3076782226562,1491.8371836165024,1.6217860938016646
1830.3284912109375,1489.1010047046416,1.6218750323404003
1830.3493041992188,1491.045564284311,1.6217350070637269
1830.3701782226562,1490.974111295063,1.6214143367116085
1830.3909912109375,1490.8398633333697,1.6218554809806989
1830.4118041992188,1492.297918610852,1.6218251244551507
1830.4326782226562,1490.555274006985,1.6213116970396284
1830.4534912109375,1491.9221802572433,1.6204130283170022
1830.4743041992188,1490.4245162615503,1.6195961526543805
1830.4951782226562,1491.9243540842726,1.6195670050774518
1830.5159912109375,1492.78168657062,1.6233253653224355
1830.5368041992188,1490.6947391231547,1.6195343974442176
1830.5576782226562,1493.0159965625135,1.6218519528906876
1830.5784912109375,1495.270345441041,1.6208624617338103
1830.5993041992188,1490.5003806566185,1.6186725966163205
1830.6201782226562,1492.6485983750251,1.6193672270093233
1830.6409912109375,1493.0644768878683,1.6210580109482877
1830.6618041992188,1493.175204577513,1.6220625958152917
1830.6826782226562,1494.6776802232955,1.618398903730684
1830.7034912109375,1493.249557332156,1.6192509115504257
1830.7243041992188,1493.0987941288859,1.6188962450575246
1830.7451782226562,1491.5875716542878,1.6194006477542169
1830.7659912109375,1491.821425951693,1.6204381881125642
1830.7868041992188,1493.540133414494,1.6188473499143856
1830.8076782226562,1493.265042430168,1.6200414712330715
1830.8284912109375,1495.4073507628113,1.6191729460689541
1830.8493041992188,1493.3897340308863,1.6181079253897832
1830.8701782226562,1494.3547707381747,1.618707283664152
1830.8909912109375,1492.7169695563957,1.619081723898491
1830.9118041992188,1492.628906918881,1.618217250983506
1830.9326782226562,1495.0635219322623,1.6192418562622617
1830.9534912109375,1495.7569075130841,1.619035337772859
1830.9743041992188,1492.9828475205431,1.6216029091455593
1830.9951782226562,1491.9816415057958,1.6205637605500305
1831.0159912109375,1495.1950599431811,1.6200241052929882
1831.0368041992188,1494.4787716971698,1.6201814221415038
1831.0576782226562,1496.274359446465,1.619862946376055
1831.0784912109375,1491.0939813585992,1.6179648479891686
1831.0993041992188,1495.6584713996767,1.619135176738044
1831.1201782226562,1496.3621419113374,1.6181567692059917
1831.1409912109375,1492.99510048013,1.6170492067039444
1831.1618041992188,1494.9586804677551,1.6209114431798763
1831.1826782226562,1493.9998177978405,1.6167535614309492
1831.2034912109375,1493.8059406388334,1.6172195652533268
1831.2243041992188,1493.819709164011,1.6178415054099697
1831.2451782226562,1491.761629054092,1.615951212963316
1831.2659912109375,1494.6297203193676,1.6170605595842837
1831.2868041992188,1494.4162633720093,1.6164614019484838
1831.3076782226562,1495.93310546875,1.6178583053108304
1831.3284912109375,1493.257359832803,1.616606013480983
1831.3493041992188,1494.5084277261997,1.616971946024716
1831.3701782226562,1495.5208562467892,1.6167276069455283
1831.3909912109375,1494.615003665895,1.6173041849840641
1831.4118041992188,1496.6826452319754,1.6175076080332011
1831.4326782226562,1495.9695916392016,1.6182504744815587
1831.4534912109375,1495.519966714791,1.616848011595242
1831.4743041992188,1496.4902469261685,1.618047144826587
1831.4951782226562,1494.8546459417805,1.6170186862278702
1831.5159912109375,1494.3471829182895,1.6166052760761005
1831.5368041992188,1492.174502317721,1.6186137521323358
1831.5576782226562,1494.8421723334586,1.618025410616482
1831.5784912109375,1494.4848800630027,1.6165307964502849
1831.5993041992188,1492.299324245432,1.6166511420196028
1831.6201782226562,1493.6498954302585,1.619472419049303
1831.6409912109375,1492.1988946407384,1.6153365152484844
1831.6618041992188,1492.878628586775,1.6157277471162999
1831.6826782226562,1494.224641116994,1.6156777969086107
1831.7034912109375,1493.8787899677397,1.615642085621434
1831.7243041992188,1494.0639397122063,1.6155445396118315
1831.7451782226562,1490.970550916739,1.6146577961476167
1831.7659912109375,1494.0152305436225,1.6162871282315037
1831.7868041992188,1492.8082272840627,1.6153142279705917
1831.8076782226562,1491.3826339501675,1.6149352971865842
1831.8284912109375,1492.1285794542637,1.6177042996891955
1831.8493041992188,1491.5183720288967,1.6167117538588343
1831.8701782226562,1493.640198114004,1.616836214842688
1831.8909912109375,1495.6079212559948,1.6163163349555572
1831.9118041992188,1493.0178594743693,1.6203050280318692
1831.9326782226562,1493.3474646157736,1.615765448539928
1831.9534912109375,1491.2336339789338,1.6166526905255338
1831.9743041992188,1492.2800036596784,1.6150595998248263
1831.9951782226562,1493.4421712618564,1.6152058867556505
1832.0159912109375,1494.8418600405967,1.6156744028946004
1832.0368041992188,1493.9520308078215,1.615769358813357
1832.0576782226562,1493.9281588420358,1.6151979158615717
1832.0784912109375,1494.2891686949138,1.6150068978555012
1832.0993041992188,1493.659394376694,1.6163080007674053
1832.1201782226562,1491.3960959697156,1.6158047721795155
1832.1409912109375,1495.643562670755,1.615958368671602
1832.1618041992188,1494.3656985060898,1.6155367917564734
1832.1826782226562,1495.4482156224092,1.622578724389868
1832.2034912109375,1491.565732653735,1.6167864463453228
1832.2243041992188,1494.7890621903896,1.6162182395747053
1832.2451782226562,1494.9728459209152,1.6156883478196757
1832.2659912109375,1493.2694425468376,1.615432007586972
1832.2868041992188,1493.4859058708803,1.615754160339014
1832.3076782226562,1496.5208838326914,1.616081338624745
1832.3284912109375,1495.5554157123065,1.6158100103406996
1832.3493041992188,1494.8091644714161,1.6149293180180406
1832.3701782226562,1493.1098190988573,1.6154216763852713
1832.3909912109375,1492.5290230407,1.6161533310872302
1832.4118041992188,1493.5783497207003,1.6179655847744119
1832.4326782226562,1494.9590551874562,1.6167102054094749
1832.4534912109375,1495.60042914386,1.6153810888817828
1832.4743041992188,1493.2820434490648,1.6152193190992683
1832.4951782226562,1494.4877589060118,1.6155661596212274
1832.5159912109375,1494.7348672212004,1.6156012085098088
1832.5368041992188,1496.8833211443575,1.6167730270215857
1832.5576782226562,1496.3368271762645,1.6155916162579798
1832.5784912109375,1496.148146335333,1.6153254454469081
1832.5993041992188,1496.1484892609253,1.6167728058230086
1832.6201782226562,1497.743693363872,1.6162071020536062
1832.6409912109375,1495.084964310101,1.6167933771612168
1832.661865234375,1496.3144559291613,1.6172892220612274
1832.6826782226562,1496.356796504905,1.615672558318778
1832.7035522460938,1494.841376154559,1.6152924569883294
1832.724365234375,1496.7894418309888,1.6192942731634592
1832.7451782226562,1496.740044511537,1.6156358877143489
1832.7660522460938,1495.970693577453,1.6150421803165576
1832.786865234375,1496.9344049137128,1.6166970803982008
1832.8076782226562,1496.8575106993728,1.6166782037906666
1832.8285522460938,1495.8298638433278,1.6160769127539696
1832.849365234375,1495.024401679092,1.6148296619496518
1832.8701782226562,1495.640498430166,1.617112162581312
1832.8910522460938,1498.4518515320276,1.6157023664061096
1832.911865234375,1496.8767049839025,1.6162447922955347
1832.9326782226562,1496.5776107585066,1.615214964670442
1832.9535522460938,1493.5582015898708,1.6158031490838713
1832.974365234375,1493.1213868322839,1.6206891761486608
1832.9951782226562,1496.8412295004814,1.6156589821759388
1833.0160522460938,1495.5069816474395,1.6164807235649248
1833.036865234375,1496.2721867992107,1.615080119174067
1833.0576782226562,1494.207784715292,1.6151940780096525
1833.0785522460938,1498.0384500330708,1.6160900428019107
1833.099365234375,1496.1253189449299,1.6167043802771728
1833.1201782226562,1494.5175773774736,1.6150275654994246
1833.1410522460938,1497.3564945308992,1.615561215822069
1833.161865234375,1495.301307390482,1.6170372639775625
1833.1826782226562,1496.7544477505853,1.6152416814894828
1833.2035522460938,1495.3016366014606,1.6153655915659721
1833.224365234375,1495.1592129560568,1.615734239792075
1833.2451782226562,1496.1120132259846,1.616620761507997
1833.2660522460938,1496.0715076207096,1.6157904593708152
1833.286865234375,1496.923739600659,1.6170605595842837
1833.3076782226562,1495.7750119120121,1.6153820482345416
1833.3285522460938,1497.385628296821,1.6174759906950253
1833.349365234375,1498.1719486892127,1.6179962347432426
1833.3701782226562,1499.4792340994638,1.615973860302634
1833.3910522460938,1495.613534370792,1.6154784971770155
1833.411865234375,1495.915377194942,1.6153041174153218
1833.4326782226562,1497.5459740415781,1.6174109115711774
1833.4535522460938,1495.6993143435652,1.616309180832056
1833.474365234375,1493.88775521921,1.6177813043325946
1833.4951782226562,1495.8015517216602,1.6159962122513976
1833.5160522460938,1498.3141740634742,1.6169381064540316
1833.536865234375,1498.7743969136561,1.617658758376137
1833.5576782226562,1497.7504633746462,1.6168794937572695
1833.5785522460938,1497.2916594573076,1.6175287596137171
1833.599365234375,1497.430362101042,1.616270680778347
1833.6201782226562,1498.9420651324208,1.6156053405392
1833.6410522460938,1497.188651845708,1.6158397421169557
1833.661865234375,1495.8559982086238,1.615494214783407
1833.6826782226562,1500.59789148493,1.616848011595242
1833.7035522460938,1495.10697574806,1.6163619878432642
1833.724365234375,1497.5206651995113,1.6196412714801571
1833.7451782226562,1496.3792127522108,1.6151385019395048
1833.7660522460938,1500.0676202231243,1.6155739811233238
1833.786865234375,1496.000847912981,1.6141347774781702
1833.8076782226562,1495.8369781175456,1.6187658301798207
1833.8285522460938,1495.0697201915377,1.6140553092981011
1833.849365234375,1495.2966213344314,1.614362451354674
1833.8701782226562,1495.6959822216058,1.6155117769983862
1833.8910522460938,1497.8920822938862,1.6178832101060228
1833.911865234375,1500.6776682333505,1.616468924131957
1833.9326782226562,1495.8371750255467,1.6186815814431421
1833.9535522460938,1496.459252754298,1.6170534824734286
1833.974365234375,1497.893375848239,1.6193514733793704
1833.9951782226562,1495.2680196864892,1.6151416018503486
1834.0160522460938,1495.3004891437513,1.6203385765751017
1834.036865234375,1499.241536539243,1.6167193486127873
1834.0576782226562,1496.7443353179297,1.6153231576784566
1834.0785522460938,1499.0498381860457,1.6149237079138452
1834.099365234375,1496.5623306263499,1.6149784055984515
1834.1201782226562,1494.3078465278818,1.618223218003475
1834.1410522460938,1497.5910248903956,1.6165199560602599
1834.161865234375,1496.3255320844464,1.6169495338392321
1834.1826782226562,1498.0257973196467,1.615776810440296
1834.2035522460938,1494.2795495311534,1.616279973978725
1834.224365234375,1498.3303291596817,1.6149260700653554
1834.2451782226562,1497.7857961575555,1.6181957400622204
1834.286865234375,1499.989735725379,1.6177407760298204
1834.3076782226562,1497.7249003421393,1.616017604916111
1834.3285522460938,1499.1223416713156,1.6226357353577647
1834.349365234375,1497.6462929383943,1.6190441733278211
1834.3701782226562,1499.9066647114078,1.6173363953383462
1834.3910522460938,1499.9579462000274,1.6183235490439662
1834.411865234375,1501.418605415641,1.617655663288916
1834.4326782226562,1496.2262230207834,1.6163880957002965
1834.4535522460938,1500.3868815268054,1.6171877211418553
1834.474365234375,1499.6735691340616,1.617091742735086
1834.4951782226562,1499.7305894513668,1.61644267008458
1834.5160522460938,1497.7899953317212,1.61893475630682
1834.536865234375,1499.89803696978,1.6169544733936418
1834.5576782226562,1499.6100258004044,1.61751077710295
1834.5785522460938,1499.471615106165,1.6192037940501065
1834.599365234375,1499.0782614702102,1.6176089414909751
1834.6201782226562,1499.9909558586464,1.6185193313561352
1834.6410522460938,1502.6684352933194,1.6206651971424073
1834.661865234375,1498.427034317471,1.6211180903434348
1834.6826782226562,1502.369908026863,1.6179694160522682
1834.7035522460938,1498.317374631738,1.6171826348715315
1834.724365234375,1501.2256505253763,1.6182812663829036
1834.7451782226562,1499.300397023228,1.6200866512389338
1834.7660522460938,1498.8813768624188,1.6194426803550177
1834.786865234375,1498.8646411115121,1.6173608659338512
1834.8076782226562,1498.301932844139,1.6190097143907902
1834.8285522460938,1501.9247914254984,1.618065268724327
1834.849365234375,1499.794122599112,1.6221392465879878
1834.8701782226562,1496.3415525109053,1.6199566265469303
1834.8910522460938,1501.0615852891294,1.6174225567256706
1834.911865234375,1498.3501299884472,1.618795728589892
1834.9326782226562,1499.76908088317,1.6180026446392763
1834.9535522460938,1495.2771914447765,1.6175891174812516
1834.974365234375,1497.9175579588323,1.6166922137939075
1834.9951782226562,1498.5692033652363,1.6168525090844905
1835.0160522460938,1495.6747190888448,1.616235277620722
1835.036865234375,1498.3097841991087,1.6185849551158846
1835.0576782226562,1498.201774975242,1.616844988685602
1835.0785522460938,1498.280289796668,1.6171614787638948
1835.099365234375,1496.6205319944777,1.6196082973232826
1835.1201782226562,1500.7949823700346,1.6226636523691818
1835.1410522460938,1498.5381441083439,1.6172766914282055
1835.161865234375,1498.6916534604404,1.616415014376878
1835.1826782226562,1495.9160602558418,1.6173078704117911
1835.2035522460938,1497.2584638882868,1.617326887085394
1835.224365234375,1499.1770742173005,1.6182188716577728
1835.2451782226562,1500.7912828578565,1.6174586709121086
1835.2660522460938,1499.9694523862593,1.6214344815578023
1835.286865234375,1500.3834146751228,1.6170978613442237
1835.3076782226562,1498.5498506681602,1.6166211302069486
1835.3285522460938,1501.4255099763652,1.6175695880147822
1835.349365234375,1499.6880083142614,1.6195271839287704
1835.3701782226562,1499.5496801617394,1.6172533989347393
1835.3910522460938,1501.4265834673197,1.6196954418519796
1835.411865234375,1499.9709826127494,1.6178224947854412
1835.4326782226562,1501.1798902919888,1.6183732702720817
1835.4535522460938,1499.0164674104321,1.6178484317060213
1835.474365234375,1501.0852030441145,1.6174883723835984
1835.4951782226562,1501.259059042722,1.61975203912309
1835.5160522460938,1497.6992901663061,1.6182627765794095
1835.536865234375,1499.9946723164621,1.6187247373752665
1835.5576782226562,1501.1564424809228,1.6187474931969987
1835.5785522460938,1497.5692507902108,1.616751423151025
1835.599365234375,1498.245334424371,1.616993989285708
1835.6201782226562,1497.931248282697,1.61788998885964
1835.6410522460938,1500.1022889510803,1.6173481884426406
1835.661865234375,1499.4023698776305,1.6178942624071062
1835.6826782226562,1498.9919126860443,1.6193821707316105
1835.7035522460938,1500.889864376776,1.617392411817909
1835.724365234375,1501.5416140382883,1.6230005287503306
1835.7451782226562,1501.335091517465,1.6183656096194474
1835.7660522460938,1500.1679862613787,1.6178820311894508
1835.786865234375,1500.6177450370712,1.6178697261964552
1835.8076782226562,1499.3351856497252,1.6179447336224184
1835.8285522460938,1499.4189676034318,1.617633702738086
1835.849365234375,1501.2587483294085,1.6210513189806548
1835.8701782226562,1500.135423496416,1.6193860722718703
1835.8910522460938,1500.528381376739,1.6242191933048262
1835.911865234375,1499.6514649570624,1.6177489554599767
1835.9326782226562,1501.4391059230666,1.6213581650886122
1835.9535522460938,1502.4352005062142,1.6208803335140167
1835.974365234375,1502.1927770264276,1.6184394155528916
1835.9951782226562,1501.9411092935113,1.6178106314530616
1836.0160522460938,1501.5229410276695,1.6177009099268849
1836.036865234375,1505.4622898490263,1.6188392496727795
1836.0576782226562,1499.5249007508135,1.6178821048717618
1836.0785522460938,1500.7061776192688,1.6197672736814022
1836.099365234375,1503.3808249465742,1.6186714182746773
1836.1201782226562,1500.3742028389745,1.618146308060226
1836.1410522460938,1503.4105564860934,1.618068436701869
1836.161865234375,1499.8313934125654,1.6187642836953138
1836.1826782226562,1500.0439677547,1.6171945028107364
1836.2035522460938,1498.9730439710647,1.6169842578496758
1836.224365234375,1501.1026751784598,1.6165797616600042
1836.2451782226562,1501.3496592095223,1.6178729682396185
1836.2660522460938,1500.2618658777724,1.6193223213982488
1836.286865234375,1501.4608476890357,1.6184098788517591
1836.3076782226562,1502.2409268631404,1.61845075868139
1836.3285522460938,1502.8035322547728,1.6233023064929653
1836.349365234375,1501.7771556171438,1.6222523421201407
1836.3701782226562,1503.2239476640432,1.6199664873024102
1836.3910522460938,1503.3895288715553,1.6180217268231227
1836.411865234375,1501.9192198170022,1.618410099826587
1836.4326782226562,1503.7085285547198,1.619274764262234
1836.4535522460938,1502.357427303543,1.6188045654526586
1836.474365234375,1503.4366702270622,1.619769113594206
1836.4951782226562,1507.7504399180361,1.619604028298533
1836.5160522460938,1504.0448848732062,1.6184684361257564
1836.536865234375,1501.3262991262366,1.6184505377121137
1836.5576782226562,1501.5756040995468,1.6179052409514347
1836.5784912109375,1500.5766362913762,1.6173495888680636
1836.5993041992188,1503.930635655582,1.6195181301853412
1836.6201782226562,1503.6269868208942,1.6194601997509142
1836.6409912109375,1504.4534038837905,1.6190297418964432
1836.6618041992188,1503.2253778567117,1.6189840169710268
1836.6826782226562,1502.5586991393677,1.6189258465198928
1836.7034912109375,1501.836962028781,1.619337118302737
1836.7243041992188,1502.6558459498067,1.6183024815147
1836.7451782226562,1504.2231425457585,1.6205076330064607
1836.7659912109375,1501.0600070533867,1.6182496641604533
1836.7868041992188,1502.103444893211,1.619280727385286
1836.8076782226562,1504.0197270379178,1.6189596445427412
1836.8284912109375,1504.3190072154919,1.618273752623698
1836.8493041992188,1505.449527422205,1.6208608437028293
1836.8701782226562,1504.2790221604682,1.6186153724095973
1836.8909912109375,1505.6085274338454,1.6191998920706385
1836.9118041992188,1503.4788647854878,1.6182476015230813
1836.9326782226562,1501.6270133430742,1.6190943878161381
1836.9534912109375,1505.4944969267717,1.6184505377121137
1836.9743041992188,1505.4182188714076,1.6186515336300764
1836.9951782226562,1503.6167950698707,1.6182727949852145
1837.0159912109375,1505.898700455772,1.6213661792219036
1837.0368041992188,1502.213947840258,1.6186872521688254
1837.0576782226562,1504.4248649781284,1.618563670035297
1837.0784912109375,1502.8548267206693,1.6217796988592748
1837.0993041992188,1503.683822181198,1.6204055244426963
1837.1201782226562,1506.1697097934918,1.619617718579464
1837.1409912109375,1505.9338736307247,1.6217919741862055
1837.1618041992188,1501.7799946767232,1.6194998017205273
1837.1826782226562,1505.8492235081317,1.6200900360094872
1837.2034912109375,1503.441672997779,1.6206216515367828
1837.2243041992188,1504.7345816082475,1.6188053754959986
1837.2451782226562,1505.451253319457,1.6193928447345296
1837.2659912109375,1506.4298859583675,1.6196669584720085
1837.2868041992188,1506.4179299557259,1.6217800663853825
1837.3076782226562,1505.7666355817946,1.6187818104332123
1837.3284912109375,1501.4593586426495,1.617674086339853
1837.3493041992188,1505.4358303303334,1.6195898226696377
1837.3701782226562,1503.9646608459611,1.621041391285473
1837.3909912109375,1503.545326158858,1.6220246732883645
1837.4118041992188,1503.4216693724243,1.6185384074483675
1837.4326782226562,1505.686799163379,1.6187656828956454
1837.4534912109375,1506.9228614401077,1.6197365836276578
1837.4743041992188,1501.6014641005584,1.620291711421909
1837.4951782226562,1505.7078601686285,1.61954713142878
1837.5159912109375,1505.4952147952602,1.6237029988429343
1837.5368041992188,1503.7607296310355,1.6187095666497218
1837.5576782226562,1506.1083603953884,1.6193868820243313
1837.5784912109375,1507.7266445168111,1.6197350380700035
1837.5993041992188,1507.225536656313,1.620451797780688
1837.6201782226562,1506.3547164235633,1.6216645120735138
1837.6409912109375,1506.9671921121878,1.620141248196674
1837.6618041992188,1505.3165793844016,1.6195842287090403
1837.6826782226562,1506.9681580681456,1.6199704610227255
1837.7034912109375,1507.5970862223446,1.6207660389768124
1837.7243041992188,1508.2126318429887,1.6208251730640735
1837.7451782226562,1505.7918157137801,1.6190092726047844
1837.7659912109375,1506.0054505854923,1.6217064859977883
1837.7868041992188,1505.275273561612,1.6195623679145745
1837.8076782226562,1508.9640398748645,1.6207907519921145
1837.8284912109375,1508.4814045446044,1.6209148997725598
1837.8493041992188,1507.0960139193396,1.619702728217561
1837.8701782226562,1506.8847435401588,1.6213860305741477
1837.8909912109375,1509.6989687090872,1.6199916540331196
1837.9118041992188,1509.6164504910228,1.6228647141308772
1837.9326782226562,1507.8950300436934,1.619602335406292
1837.9534912109375,1507.244931603357,1.6198880411243204
1837.9743041992188,1506.5497904544188,1.6204329649122835
1837.9951782226562,1508.627751461292,1.6201529473053935
1838.0159912109375,1506.7286306026563,1.6237830960819053
1838.0368041992188,1511.259434299844,1.6224392741731557
1838.0576782226562,1506.3488463655085,1.6190127332586026
1838.0784912109375,1507.8070827310319,1.6193686993033574
1838.0993041992188,1509.217522866431,1.6206863810680396
1838.1201782226562,1508.9037078430363,1.6202102643593743
1838.1409912109375,1506.0776125368625,1.6207335290196914
1838.1618041992188,1510.473958288312,1.62145565543292
1838.1826782226562,1512.1535892649968,1.6219721976318666
1838.2034912109375,1507.4253430875588,1.6212922124139306
1838.2243041992188,1509.8725613887675,1.6211461805574356
1838.2451782226562,1510.9571260664964,1.6224361882056237
1838.2659912109375,1510.5294535112798,1.6204633475174879
1838.2868041992188,1510.2495110409095,1.6198472711600824
1838.3076782226562,1509.404449182606,1.620299436540464
1838.3284912109375,1508.0728985928147,1.6205725877718495
1838.3493041992188,1509.8484006110277,1.6225022413241241
1838.3701782226562,1505.7912768810481,1.6186259041722615
1838.3909912109375,1508.5868824846837,1.6201135084628964
1838.4118041992188,1508.3707368465086,1.621718541354901
1838.4326782226562,1508.2769818597021,1.6197039794083532
1838.4534912109375,1509.3671723794728,1.6208130375131586
1838.4743041992188,1508.924905946244,1.6203371051623316
1838.4951782226562,1507.7250578803182,1.6210526426687522
1838.5159912109375,1510.7526910727233,1.6214853572084322
1838.5368041992188,1509.2660486445973,1.6198522754708666
1838.5576782226562,1508.4246947423644,1.6193983657429154
1838.5784912109375,1510.1445185716439,1.6206128245822065
1838.5993041992188,1507.0617207953435,1.6200470636148279
1838.6201782226562,1510.109437394197,1.619624048455181
1838.6409912109375,1508.4116541186945,1.6227538651117825
1838.6618041992188,1507.8293187040963,1.619972742228132
1838.6826782226562,1509.4271141034867,1.6195883505766169
1838.7034912109375,1508.708042244921,1.6197141360978395
1838.7451782226562,1511.2781790026054,1.6219370659214667
1838.7659912109375,1510.9406392538522,1.6216059966988476
1838.7868041992188,1508.4321779942295,1.6203401215570723
1838.8076782226562,1508.0617866153664,1.6194842702084626
1838.8284912109375,1511.301188247892,1.620918135724987
1838.8493041992188,1511.3420672894813,1.6207366917817108
1838.8701782226562,1511.4208022731716,1.6216896524528608
1838.8909912109375,1509.6472855731085,1.6263638421806819
1838.9118041992188,1509.2540811732747,1.6197862614810297
1838.9326782226562,1510.7804220464116,1.6240973533192127
1838.9534912109375,1510.9205615271314,1.6218409275599355
1838.9743041992188,1509.1380479715679,1.6201741379287398
1838.9951782226562,1507.6010951858236,1.618214451633222
1839.0159912109375,1506.5482314213048,1.6227992634386774
1839.0368041992188,1511.158373249596,1.621396029681752
1839.0576782226562,1508.5030711468378,1.6197911187893677
1839.0784912109375,1508.520470779389,1.6202375609855242
1839.0993041992188,1511.570760160442,1.6225216379471459
1839.1201782226562,1507.2453742727755,1.6202261567906375
1839.1409912109375,1507.95654228556,1.619216530634629
1839.1618041992188,1506.0228787858355,1.620191355106132
1839.1826782226562,1508.8049936320456,1.61951960234219
1839.2034912109375,1509.4196884407186,1.620576633565781
1839.2243041992188,1507.3480645083991,1.6195469106090914
1839.2451782226562,1505.139010459755,1.619344111817506
1839.2659912109375,1506.6463598236296,1.6193787108672897
1839.2868041992188,1508.1427127007305,1.620785603478334
1839.3076782226562,1510.6721363932188,1.619936242556138
1839.3284912109375,1508.8218842927208,1.6195553753422725
1839.3493041992188,1511.2179560581458,1.6206886612657507
1839.3701782226562,1512.6773695111413,1.6253664630541604
1839.3909912109375,1509.6641279839562,1.6202532324256196
1839.4118041992188,1510.8844890604178,1.6227069227877176
1839.4326782226562,1509.0380243225327,1.6227011926457728
1839.4534912109375,1512.1096527572581,1.6215101327782429
1839.4743041992188,1510.3738406208856,1.6253980735896005
1839.4951782226562,1510.18675129478,1.6236090942985222
1839.5368041992188,1507.6863956435027,1.6224979064410652
1839.5576782226562,1512.5409152983023,1.624003031149981
1839.5784912109375,1512.0182363091496,1.6240971331181933
1839.5993041992188,1512.345387250686,1.6237953562638514
1839.6201782226562,1512.8208676622678,1.6239611899901545
1839.6409912109375,1513.113309757532,1.6294454510042555
1839.6618041992188,1512.5891291775467,1.6251386436592117
1839.6826782226562,1513.7073113388924,1.6260992147105149
1839.7034912109375,1514.6224097019497,1.6265803501934284
1839.7243041992188,1515.1696592841624,1.6283690666851407
1839.7451782226562,1513.7559545779848,1.62640789370894
1839.7659912109375,1511.1976169703194,1.6280120664004112
1839.7868041992188,1511.884788463903,1.6273652249740105
1839.8076782226562,1512.1606243697397,1.6288201837649356
1839.8284912109375,1513.7593333027135,1.6315492552822637
1839.8493041992188,1510.1406046811696,1.6280269307713846
1839.8701782226562,1513.449338157707,1.6339551222205169
1839.8909912109375,1513.289235263926,1.6291416647603216
1839.9118041992188,1513.1064208866815,1.6296159035453013
1839.9326782226562,1510.7791439806358,1.6299439562190594
1839.9534912109375,1513.3638797011338,1.6328727309511935
1839.9743041992188,1512.4756087111725,1.631413202416182
1839.9951782226562,1514.3070850069405,1.6327730749015723
